titles,authors,result,percent,images,address
Sra. Franck Rolleston,Gilbert Stuart,woman,0.8623479604721069,https://assets.masp.org.br/uploads/collection/50zDMgEachVlAUueyfmFy2x9Qe2Atsqy.jpg,50zDMgEachVlAUueyfmFy2x9Qe2Atsqy.jpg
Vista de Salvador,Rafael Borjes de Oliveira,many people,0.4706911742687225,https://assets.masp.org.br/uploads/collection/jsAs5mcp412QkpbyBQ95wq1FDk2lUSwU.jpg,jsAs5mcp412QkpbyBQ95wq1FDk2lUSwU.jpg
Cabeça de mulher,Emiliano Di Cavalcanti,woman,0.7835414409637451,https://assets.masp.org.br/uploads/collection/jTGy0d1sFvULi3mXdN1bOtOgY0YnEhhG.jpg,jTGy0d1sFvULi3mXdN1bOtOgY0YnEhhG.jpg
"Paisagem com um casal de camponeses, Sem data",Eugène Laermans,many people,0.3086621165275574,https://assets.masp.org.br/uploads/collection/PSIq5CGsE1HZimBh8JBK9dLZ3s2PWnFI.jpg,PSIq5CGsE1HZimBh8JBK9dLZ3s2PWnFI.jpg
"Vaca, Sem data",Émile Claus,no_people,0.3853971362113952,https://assets.masp.org.br/uploads/collection/HRUb9ceWMArq2DmjFTBXhRhmcySOVhdR.jpg,HRUb9ceWMArq2DmjFTBXhRhmcySOVhdR.jpg
"O poeta Alberto de Oliveira, Sem data",Belmiro de Almeida,man,0.5062295198440552,https://assets.masp.org.br/uploads/collection/ZxoD89XZNohuBL8hmI8RMUA6P75HJK5l.jpg,ZxoD89XZNohuBL8hmI8RMUA6P75HJK5l.jpg
"Dois meninos jogando bilboquê, Sem data",Belmiro de Almeida,no_people,0.3671907782554626,https://assets.masp.org.br/uploads/collection/hQyDLsZRrKJfUMvOfoaWa4ca4S9T3atm.jpg,hQyDLsZRrKJfUMvOfoaWa4ca4S9T3atm.jpg
"Virgem em majestade com o Menino e dois anjos, circa 1275",Maestro del Bigallo,woman,0.5065170526504517,https://assets.masp.org.br/uploads/collection/Ufhi5TsGQsTHMNZljnVLVZV5F1uaXIvB.jpg,Ufhi5TsGQsTHMNZljnVLVZV5F1uaXIvB.jpg
"A crucificação e a Virgem com o Menino Jesus entre anjos, santos e os símbolos dos evangelistas",Desconhecido (Pintor úmbrio),woman,0.3159002363681793,https://assets.masp.org.br/uploads/collection/bocduFKNW7kv5g1iSeBM7j3T1HGdSd3u.jpg,bocduFKNW7kv5g1iSeBM7j3T1HGdSd3u.jpg
São Jerônimo penitente no deserto,Andrea Mantegna,man,0.5409013628959656,https://assets.masp.org.br/uploads/collection/3ixxtK1lV3bIUbqk9D5kSJDCfW4PdM3o.jpg,3ixxtK1lV3bIUbqk9D5kSJDCfW4PdM3o.jpg
Madona com o Menino entre santa Madalena e santo Estevão protomártir,Ottaviano Nelli,woman,0.5847641825675964,https://assets.masp.org.br/uploads/collection/fTJEiqJrIuMRjV3y0SrIxpk1pfdnKHSy.jpg,fTJEiqJrIuMRjV3y0SrIxpk1pfdnKHSy.jpg
A Virgem com o Menino de pé abraçando a Mãe (Madona Willys),Giovanni Bellini,woman,0.7008821964263916,https://assets.masp.org.br/uploads/collection/k7Zg3L4zMlSovkxFPo9z6VOrY8EM6Kta.jpg,k7Zg3L4zMlSovkxFPo9z6VOrY8EM6Kta.jpg
Virgem com o Menino e são João Batista criança,Sandro Botticelli,woman,0.6549419164657593,https://assets.masp.org.br/uploads/collection/WI6czfHfpurz5iuxa9epqX73Q47oewkB.jpg,WI6czfHfpurz5iuxa9epqX73Q47oewkB.jpg
"A Virgem em lamentação, são João e as pias mulheres da Galileia",Hans Memling,many people,0.4012315273284912,https://assets.masp.org.br/uploads/collection/ZT8CKBosWas28iVkRJHaZIvRoRRYoqDL.jpg,ZT8CKBosWas28iVkRJHaZIvRoRRYoqDL.jpg
"As tentações de santo Antão, circa 1500",Hieronymus Bosch,many people,0.2902080714702606,https://assets.masp.org.br/uploads/collection/ZjJqv7BJ0gclSadiTf8UxsgQH0T6CYo0.jpg,ZjJqv7BJ0gclSadiTf8UxsgQH0T6CYo0.jpg
Ressurreição de Cristo,Rafael,many people,0.4047344923019409,https://assets.masp.org.br/uploads/collection/XjnQKRy871U1elNoyLCl9gKqO5X2Hj4a.jpg,XjnQKRy871U1elNoyLCl9gKqO5X2Hj4a.jpg
São Sebastião na coluna,Pietro Perugino,woman,0.4493696987628937,https://assets.masp.org.br/uploads/collection/M5dHuddCQEKLOOoU6McVDs7eSDb6nusI.jpg,M5dHuddCQEKLOOoU6McVDs7eSDb6nusI.jpg
"Virgem com o Menino, são João Batista criança e um anjo",Lippi-Pesellino (Imitador de),woman,0.6424515843391418,https://assets.masp.org.br/uploads/collection/mAMOO1BsGUhl3K6XG1S4D9WCWqsMURzV.jpg,mAMOO1BsGUhl3K6XG1S4D9WCWqsMURzV.jpg
A Virgem amamentando o Menino e são João Batista criança em adoração,Giampietrino,woman,0.5792516469955444,https://assets.masp.org.br/uploads/collection/q73QVx53R3mjbAfjXARVWkOiFNdEuDy2.jpg,q73QVx53R3mjbAfjXARVWkOiFNdEuDy2.jpg
O casamento desigual,Quentin Metsys (Seguidor de),man,0.2837454378604889,https://assets.masp.org.br/uploads/collection/LK2ZEkQZyyMZ6Ve2UMfXBjTtMo14a2rx.jpg,LK2ZEkQZyyMZ6Ve2UMfXBjTtMo14a2rx.jpg
Retrato de jovem aristocrata – Um jovem noivo da família Rava,"Lucas Cranach, o Antigo",woman,0.7008788585662842,https://assets.masp.org.br/uploads/collection/OZRk1vHW5y7nlFOLyz3kIeFizKdeHBW0.jpg,OZRk1vHW5y7nlFOLyz3kIeFizKdeHBW0.jpg
"O poeta Henry Howard, conde de Surrey, circa 1542",Hans Holbein. o Jovem,man,0.4147693812847137,https://assets.masp.org.br/uploads/collection/KNK8pFmml2UHUOrudX1MhPAsmJsMT41l.jpg,KNK8pFmml2UHUOrudX1MhPAsmJsMT41l.jpg
"Cristo perante Pilatos, Sem data",Seguidor de Hieronymus Bosch,many people,0.4368458688259125,https://assets.masp.org.br/uploads/collection/EafPh6bEdkFPCdaGPZsr89hwnSr0fOkn.jpg,EafPh6bEdkFPCdaGPZsr89hwnSr0fOkn.jpg
Retrato de Alvise Contarini [?],Paris Bordon,man,0.574518620967865,https://assets.masp.org.br/uploads/collection/LiFPVWM58U9pcLsNuV5bsLLj8vCAwJvJ.jpg,LiFPVWM58U9pcLsNuV5bsLLj8vCAwJvJ.jpg
O juízo final e a missa de são Gregório,Mestre da Família Artés,many people,0.4236917793750763,https://assets.masp.org.br/uploads/collection/SK0bXuEyezmyiR5v6g8XTKvUr2Lsu6Mb.jpg,SK0bXuEyezmyiR5v6g8XTKvUr2Lsu6Mb.jpg
"Retrato de um fidalgo florentino (Piero de Medici [?]), Sem data",Alessandro Allori (Ateliê),man,0.4481264054775238,https://assets.masp.org.br/uploads/collection/cReUKAWlv8Th1nVjGQAvAKKtJRkFVpjq.jpg,cReUKAWlv8Th1nVjGQAvAKKtJRkFVpjq.jpg
Retrato do cardeal Cristoforo Madruzzo,Ticiano,woman,0.7632611989974976,https://assets.masp.org.br/uploads/collection/e5FgOw56rBjljKejvFVSQC02zE9MBy07.jpg,e5FgOw56rBjljKejvFVSQC02zE9MBy07.jpg
O banho de Diana,François Clouet,many people,0.362908661365509,https://assets.masp.org.br/uploads/collection/y6cRDkVXo6LY8Pm8ZpIuzMeu6vjCAkpe.jpg,y6cRDkVXo6LY8Pm8ZpIuzMeu6vjCAkpe.jpg
Lamentação sobre o Cristo morto (ou Pietà),Jacopo Tintoretto,woman,0.3902255892753601,https://assets.masp.org.br/uploads/collection/DT6lwQRVBTa8Qi9GgnVfewIRrEum9tuS.jpg,DT6lwQRVBTa8Qi9GgnVfewIRrEum9tuS.jpg
"Anunciação, circa 1600",El Greco,woman,0.636260449886322,https://assets.masp.org.br/uploads/collection/Zm1dJviLS7aPJx0YIirrPVR208i8GFKo.jpg,Zm1dJviLS7aPJx0YIirrPVR208i8GFKo.jpg
Êxtase de são Francisco com os estigmas,El Greco,man,0.5312765836715698,https://assets.masp.org.br/uploads/collection/oD8h1NmKSfJEy5e5bjBHktLurxvqBvBg.jpg,oD8h1NmKSfJEy5e5bjBHktLurxvqBvBg.jpg
"Aparição da Virgem com o Menino a santo Ubaldo, bispo de Gubbio, que indica ao fundo a cidade de Pesaro","Jacopo Palma, o Jovem",man,0.374907910823822,https://assets.masp.org.br/uploads/collection/6nMfn7uatJggkGqeMCOvoFMbHcuFDhVu.jpg,6nMfn7uatJggkGqeMCOvoFMbHcuFDhVu.jpg
"Retrato da marquesa Lomellini, com os filhos em oração, circa 1623",Anthony van Dyck,woman,0.7038695812225342,https://assets.masp.org.br/uploads/collection/W1MYSj3bftPjhzTAOTfUOaimo72Kjoiw.jpg,W1MYSj3bftPjhzTAOTfUOaimo72Kjoiw.jpg
Retrato do conde-duque de Olivares,Diego Velázquez,man,0.5007514953613281,https://assets.masp.org.br/uploads/collection/WaYTrEfITjc4oBsU734bgxXJlAsXR4Zj.jpg,WaYTrEfITjc4oBsU734bgxXJlAsXR4Zj.jpg
Aparição do Menino Jesus a santo Antônio de Pádua [?],Francisco de Zurbarán,woman,0.4642090797424316,https://assets.masp.org.br/uploads/collection/dVp5oX81VVcZU4aGYgEMpx1HePV6vBNi.jpg,dVp5oX81VVcZU4aGYgEMpx1HePV6vBNi.jpg
Oficial sentado,Frans Hals,man,0.5270631313323975,https://assets.masp.org.br/uploads/collection/l7UJ9OpSTl2lTIycqw0PfqsS1eyt7DPK.jpg,l7UJ9OpSTl2lTIycqw0PfqsS1eyt7DPK.jpg
Himeneus travestido assistindo a uma dança em honra a Príapo,Nicolas Poussin,woman,0.3227940201759338,https://assets.masp.org.br/uploads/collection/fNK0NFDtBmiVJXbAbAtAwVBcB3pCoOzK.jpg,fNK0NFDtBmiVJXbAbAtAwVBcB3pCoOzK.jpg
"Retrato de jovem com corrente de ouro (autorretrato com corrente de ouro), circa 1635",Rembrandt e Ateliê,man,0.5618799328804016,https://assets.masp.org.br/uploads/collection/otJgk8y1K9gMYrpPdLFUo8G2CnmmNLHS.jpg,otJgk8y1K9gMYrpPdLFUo8G2CnmmNLHS.jpg
O capitão Andries van Hoorn,Frans Hals,woman,0.4737342298030853,https://assets.masp.org.br/uploads/collection/rNv8meqielngmD2yYtzHTqetKPbCln7F.jpg,rNv8meqielngmD2yYtzHTqetKPbCln7F.jpg
Maria Pietersdochter Olycan,Frans Hals,woman,0.8987684845924377,https://assets.masp.org.br/uploads/collection/KxfBc9K6fkM9v8j7TfRLDwuOZWb6e88h.jpg,KxfBc9K6fkM9v8j7TfRLDwuOZWb6e88h.jpg
"Retrato de um desconhecido (William Howard, visconde de Stafford [?])",Anthony van Dyck,man,0.4928427934646606,https://assets.masp.org.br/uploads/collection/K9w8fj3PWlB5WxjYTmUnmaA0MPW4U1mS.jpg,K9w8fj3PWlB5WxjYTmUnmaA0MPW4U1mS.jpg
Santa Inês,Francisco Zurbarán (Círculo de),woman,0.7099191546440125,https://assets.masp.org.br/uploads/collection/qasQZfTKDtSjX6U7c6iwUUcEfExtRJmx.jpg,qasQZfTKDtSjX6U7c6iwUUcEfExtRJmx.jpg
Cachoeira de Paulo Afonso,Frans Post,no_people,0.4625009894371032,https://assets.masp.org.br/uploads/collection/edgLzjPF4WT39XD8CgZAq1YUvoOMD7Pf.jpg,edgLzjPF4WT39XD8CgZAq1YUvoOMD7Pf.jpg
"O príncipe Johan Maurits van Nassau-Siegen, Sem data",Jan de Baen (Ateliê),man,0.5989978313446045,https://assets.masp.org.br/uploads/collection/xMkoD4sllUkFWjiU6ZCw6h0xwwK3hMD6.jpg,xMkoD4sllUkFWjiU6ZCw6h0xwwK3hMD6.jpg
"Paisagem com tamanduá, circa 1660",Frans Post,no_people,0.6916492581367493,https://assets.masp.org.br/uploads/collection/i6WFEzRMZ4peAd5P4WLY5Rp8U99cKCqZ.jpg,i6WFEzRMZ4peAd5P4WLY5Rp8U99cKCqZ.jpg
"Paisagem fluvial com balsa transportando animais, circa 1650",Salomon van Ruysdael,no_people,0.4035327434539795,https://assets.masp.org.br/uploads/collection/fyuEauI06hObIEqwJXji4ajkjZiEhytW.jpg,fyuEauI06hObIEqwJXji4ajkjZiEhytW.jpg
O arquiduque Alberto VII da Aústria,Peter Paul Rubens,man,0.4762280881404876,https://assets.masp.org.br/uploads/collection/BfvyOTk9TF8qX0LfzpcrFeBfvcuXqNie.jpg,BfvyOTk9TF8qX0LfzpcrFeBfvcuXqNie.jpg
Marinha,José Pancetti,no_people,0.7054744958877563,https://assets.masp.org.br/uploads/collection/kzE5x7nav8PPJGGutXxJqD3MC3U4mkQj.jpg,kzE5x7nav8PPJGGutXxJqD3MC3U4mkQj.jpg
"Paisagem com jiboia, circa 1660",Frans Post,no_people,0.5931558609008789,https://assets.masp.org.br/uploads/collection/lUN6gXqeqMB8OKtYLXEdEQGFG6yV1qOf.jpg,lUN6gXqeqMB8OKtYLXEdEQGFG6yV1qOf.jpg
Paisagem em Pernambuco com casa-grande,Frans Post,no_people,0.484745591878891,https://assets.masp.org.br/uploads/collection/2cEIdlATDQ8T5Zg6Egs0WHewl8qPNHyN.jpg,2cEIdlATDQ8T5Zg6Egs0WHewl8qPNHyN.jpg
Paisagem pernambucana com rio,Frans Post,no_people,0.7224254608154297,https://assets.masp.org.br/uploads/collection/npsGBnjtgzBoozpiNrs7Xd4kvoYUVVLM.jpg,npsGBnjtgzBoozpiNrs7Xd4kvoYUVVLM.jpg
A rainha Tômiris,Giovanni Pellegrini,woman,0.8533030152320862,https://assets.masp.org.br/uploads/collection/x2KoDfWsHPHxhWYFbEyvw55wrSp23UkE.jpg,x2KoDfWsHPHxhWYFbEyvw55wrSp23UkE.jpg
A toalete de Vênus,Michele Rocca,many people,0.3362217545509338,https://assets.masp.org.br/uploads/collection/68v5JwkrK87LlHaILymFdrzfB9Vim27J.jpg,68v5JwkrK87LlHaILymFdrzfB9Vim27J.jpg
O julgamento de Páris,Michele Rocca,woman,0.374453455209732,https://assets.masp.org.br/uploads/collection/iBHjle0Gx76tIlfgseRm9OHm3g4zHU33.jpg,iBHjle0Gx76tIlfgseRm9OHm3g4zHU33.jpg
"Retrato de noiva com flores (Charlotte Aglaé d'Orléans, chamada mademoiselle de Valois?), circa 1720",Pierre Gobert,woman,0.8517318367958069,https://assets.masp.org.br/uploads/collection/uhmLOiIXMjdICKGRL5rGHLxFspI8xpZk.jpg,uhmLOiIXMjdICKGRL5rGHLxFspI8xpZk.jpg
Piquenique durante a caçada,François Lemoyne,many people,0.52059406042099,https://assets.masp.org.br/uploads/collection/50h81DTdjUqorW7DRr2O24mXScpTf2lk.jpg,50h81DTdjUqorW7DRr2O24mXScpTf2lk.jpg
Retrato de Auguste Gabriel Godefroy (Jeune Ecolier qui Joue au Toton),Jean-Baptiste-Siméon Chardin,woman,0.4787363409996032,https://assets.masp.org.br/uploads/collection/15eImGGKGfx9Ed9uMZKz3GzqMItfbAHC.jpg,15eImGGKGfx9Ed9uMZKz3GzqMItfbAHC.jpg
"Louise-Henriette de Bourbon-Conti, condessa-duquesa de Orléans, como Hebe",Desconhecido (cópia de Jean-Marc Nattier),woman,0.7741461396217346,https://assets.masp.org.br/uploads/collection/Tdlw2O1YU8xIUHvPanUZ7tfeKkcSFzQr.jpg,Tdlw2O1YU8xIUHvPanUZ7tfeKkcSFzQr.jpg
Parque Drinkstone (o bosque de Cornard [?]),Thomas Gainsborough,no_people,0.4644805490970611,https://assets.masp.org.br/uploads/collection/ryafC31jLC2PGmxhRmyi9r7hAAfDn1m9.jpg,ryafC31jLC2PGmxhRmyi9r7hAAfDn1m9.jpg
"John Walter (ou Wharton) Tempest, com Cavalo",George Romney,man,0.4314649999141693,https://assets.masp.org.br/uploads/collection/o8FpyRBlSwTmzAXCjYAzkiECMB3a40FX.jpg,o8FpyRBlSwTmzAXCjYAzkiECMB3a40FX.jpg
A educação faz tudo,Jean-Honoré Fragonard,woman,0.4409113824367523,https://assets.masp.org.br/uploads/collection/NI7yCAgsqWzBrnNuRE5DQL1jFjnagGSR.jpg,NI7yCAgsqWzBrnNuRE5DQL1jFjnagGSR.jpg
"A continência de Cipião, circa 1750",Francesco Zugno,woman,0.5018559098243713,https://assets.masp.org.br/uploads/collection/feWnYt1ZTZPSga1qdnfuvtDF4qWEZ9PW.jpg,feWnYt1ZTZPSga1qdnfuvtDF4qWEZ9PW.jpg
Reunião num parque,Jean-Baptiste Pater,many people,0.3227846622467041,https://assets.masp.org.br/uploads/collection/lENYI70sFlZxyeUJ7mxuYqgl4ef4K4o8.jpg,lENYI70sFlZxyeUJ7mxuYqgl4ef4K4o8.jpg
"Madame Louise-Elisabeth, duquesa de Parma (madame l´enfante) – A terra",Jean-Marc Nattier,woman,0.8180422186851501,https://assets.masp.org.br/uploads/collection/cjUVxPEvO87YKt9MnAheHsku9f3zYJSS.jpg,cjUVxPEvO87YKt9MnAheHsku9f3zYJSS.jpg
O poeta abandona o vício pela virtude. Hércules na encruzilhada,François Boucher,woman,0.5103824734687805,https://assets.masp.org.br/uploads/collection/8i8ZPifMrZ0cfz5mbKjfwmuNXzDov4SA.jpg,8i8ZPifMrZ0cfz5mbKjfwmuNXzDov4SA.jpg
Madame Anne-Henriette de France – O fogo,Jean-Marc Nattier,woman,0.8243170976638794,https://assets.masp.org.br/uploads/collection/ZgRLJXzT83OGKKYhb8Ms0a3mMUzB9s20.jpg,ZgRLJXzT83OGKKYhb8Ms0a3mMUzB9s20.jpg
Madame Marie-Adélaïde de France – O ar,Jean-Marc Nattier,woman,0.7224403619766235,https://assets.masp.org.br/uploads/collection/s2QzGH0rgdlYd4PDUJZbd4dAR6cP5zsJ.jpg,s2QzGH0rgdlYd4PDUJZbd4dAR6cP5zsJ.jpg
Madame Marie-Louise-Thérèse-Victoire de France – A água,Jean-Marc Nattier,woman,0.8383631706237793,https://assets.masp.org.br/uploads/collection/pGqPMv1u1sw1v20bHAk4kQiJ9iSsJ0d8.jpg,pGqPMv1u1sw1v20bHAk4kQiJ9iSsJ0d8.jpg
O duque de Berry e o conde de Provença quando crianças,François-Hubert Drouais,woman,0.3792949318885803,https://assets.masp.org.br/uploads/collection/HqPcQ595MTrYWFRiaE2FvZ7aN1ZrdRBZ.jpg,HqPcQ595MTrYWFRiaE2FvZ7aN1ZrdRBZ.jpg
"Elisabeth, Sarah e Edward, filhos de Edward Holden Cruttenden, circa 1763",Joshua Reynolds,no_people,0.4370207786560058,https://assets.masp.org.br/uploads/collection/DlMcK28wtbtQ9km3Ne7oyRRz3ftxqD2p.jpg,DlMcK28wtbtQ9km3Ne7oyRRz3ftxqD2p.jpg
"Retrato da senhora John Bolton, circa 1770",Thomas Gainsborough,woman,0.8929963111877441,https://assets.masp.org.br/uploads/collection/tLQa2NLCjkxquLfIdpiFqN6K24eTlIGw.jpg,tLQa2NLCjkxquLfIdpiFqN6K24eTlIGw.jpg
Retrato de um membro da Casa Habsburgo-Lorena,Desconhecido (Pintor austríaco),man,0.4513333141803741,https://assets.masp.org.br/uploads/collection/ZwBeIYbDI1AyqrkGBoaQPPm1PWIOto1H.jpg,ZwBeIYbDI1AyqrkGBoaQPPm1PWIOto1H.jpg
"Johann Christian Bruch, circa 1771",Desconhecido (Pintor alemão),man,0.3830097019672394,https://assets.masp.org.br/uploads/collection/SomLg3Bz0AHo4nxCb8gLszTW1gYTxeEx.jpg,SomLg3Bz0AHo4nxCb8gLszTW1gYTxeEx.jpg
"Retrato de Elisabeth-Sophie-Constance de Lowendahl, condessa de Turpin de Crissé",Jean-Honoré Fragonard,woman,0.8823666572570801,https://assets.masp.org.br/uploads/collection/xoK0v8m5YencZ3da0rjHTjGsKY3Quh68.jpg,xoK0v8m5YencZ3da0rjHTjGsKY3Quh68.jpg
Retrato de Luís XVI,Antoine-François Callet,man,0.3948084115982055,https://assets.masp.org.br/uploads/collection/8xIAPNwb9XwGuNDnECqvmbEB2E009mm0.jpg,8xIAPNwb9XwGuNDnECqvmbEB2E009mm0.jpg
"Francis Rawdon, primeiro marquês de Hastings e segundo conde de Moira",Thomas Gainsborough,man,0.5118568539619446,https://assets.masp.org.br/uploads/collection/EB8ctT8lblqbDPtaYE52Gw8TqhKPIgD5.jpg,EB8ctT8lblqbDPtaYE52Gw8TqhKPIgD5.jpg
"Retrato de uma dama com livro junto a uma fonte, circa 1785",Antoine Vestier,woman,0.7929425835609436,https://assets.masp.org.br/uploads/collection/SWV3Mk52Fevd29gOhLRi8hiTKY5CuNBc.jpg,SWV3Mk52Fevd29gOhLRi8hiTKY5CuNBc.jpg
Autorretrato de Leonor de Almeida Portugal de Lorena e Lencastre,Alcipe (Leonor de Almeida Portugal de Lorena e Lencastre),woman,0.880100667476654,https://assets.masp.org.br/uploads/collection/rGNa0QefGARkxAHIyokAq2QAtYGFG3eD.jpg,rGNa0QefGARkxAHIyokAq2QAtYGFG3eD.jpg
Retrato do cardeal don Luis Maria de Borbon y Vallabriga,Francisco Goya y Lucientes,woman,0.6020286679267883,https://assets.masp.org.br/uploads/collection/Dkipl5aMsQxycSNXa5unjMPwTkE6ZEZ1.jpg,Dkipl5aMsQxycSNXa5unjMPwTkE6ZEZ1.jpg
Retrato da condessa de Casa Flores,Francisco Goya y Lucientes,woman,0.7709736824035645,https://assets.masp.org.br/uploads/collection/tdue53R9lgIIkxSn9QusjcgdJJsMX2mX.jpg,tdue53R9lgIIkxSn9QusjcgdJJsMX2mX.jpg
"Retrato de D. Carlota Joaquina, rainha de Portugal",Domingos António de Sequeira,woman,0.8908082842826843,https://assets.masp.org.br/uploads/collection/z3pZ4gmmPWh9z48Lhb0oH236ahauvrIH.jpg,z3pZ4gmmPWh9z48Lhb0oH236ahauvrIH.jpg
"Retrato de D. João VI, rei de Portugal",Domingos António de Sequeira,man,0.3994997441768646,https://assets.masp.org.br/uploads/collection/DKWtDt6cVuY6ckRZjNYQMWSNmTAGKIoX.jpg,DKWtDt6cVuY6ckRZjNYQMWSNmTAGKIoX.jpg
Os filhos de sir Samuel Fludyer,Thomas Lawrence,woman,0.5247117877006531,https://assets.masp.org.br/uploads/collection/mTT6MSYOwzOiVG7Tl0xlTq8rH5VaXeYo.jpg,mTT6MSYOwzOiVG7Tl0xlTq8rH5VaXeYo.jpg
Retrato de Fernando VII,Francisco Goya y Lucientes,man,0.578453540802002,https://assets.masp.org.br/uploads/collection/0WWvGkLbEDqWbusq6Fv9FkUhGxHfNdHw.jpg,0WWvGkLbEDqWbusq6Fv9FkUhGxHfNdHw.jpg
General sir William Maxwell,Henry Raeburn,man,0.6038113832473755,https://assets.masp.org.br/uploads/collection/CymsAvDyQig191wx8frGNfO5UrG5tl5z.jpg,CymsAvDyQig191wx8frGNfO5UrG5tl5z.jpg
Paisagem da Guanabara,Thomas Ender,many people,0.3682091832160949,https://assets.masp.org.br/uploads/collection/T2hoYTQDKFACtKcqZOOJZ8Qz3IFYdX8c.jpg,T2hoYTQDKFACtKcqZOOJZ8Qz3IFYdX8c.jpg
Johann Carl Friedrich Bruch,Johann Georg Schlesinger,man,0.4926730990409851,https://assets.masp.org.br/uploads/collection/hlir8ZRFWj71Uomj37AsWFX5QbVCBZdQ.jpg,hlir8ZRFWj71Uomj37AsWFX5QbVCBZdQ.jpg
Friderike Phillipine Bruch,Johann Georg Schlesinger,woman,0.8686046004295349,https://assets.masp.org.br/uploads/collection/HOvXkyez0KhihnPPh3Jmufi0EjY41lDx.jpg,HOvXkyez0KhihnPPh3Jmufi0EjY41lDx.jpg
A catedral de Salisbury vista do Jardim do Bispo,John Constable,many people,0.4689680635929107,https://assets.masp.org.br/uploads/collection/VSDfCeAOEgcI1yca4cbjH03G7ehxRJSi.jpg,VSDfCeAOEgcI1yca4cbjH03G7ehxRJSi.jpg
"Lord Charles Stuart, circa 1825",Desconhecido (Pintor inglês),woman,0.4583645761013031,https://assets.masp.org.br/uploads/collection/UbGE2QxDX8XV5OAQd6N8YYpRLTONEiKk.jpg,UbGE2QxDX8XV5OAQd6N8YYpRLTONEiKk.jpg
Panorama da Baía de Guanabara,Maria Graham,no_people,0.5380443334579468,https://assets.masp.org.br/uploads/collection/gB4xveFHkLbxJ0pioGV4iRhJZ8RJrN64.jpg,gB4xveFHkLbxJ0pioGV4iRhJZ8RJrN64.jpg
A Virgem do véu azul,Jean-Auguste Dominique Ingres,woman,0.8758867979049683,https://assets.masp.org.br/uploads/collection/hzCPHCFaDerkZ9ohIoVLrlmQk94Y6gmv.jpg,hzCPHCFaDerkZ9ohIoVLrlmQk94Y6gmv.jpg
O castelo de Caernarvon,William Turner,no_people,0.3403825163841247,https://assets.masp.org.br/uploads/collection/dK8RS7monAxiEOq0i8TUwXzljktQCQdR.jpg,dK8RS7monAxiEOq0i8TUwXzljktQCQdR.jpg
Cristo abençoador,Jean-Auguste Dominique Ingres,man,0.5258118510246277,https://assets.masp.org.br/uploads/collection/uwMHtnF1115h2AdDeNRI92ObpRjnS2vR.jpg,uwMHtnF1115h2AdDeNRI92ObpRjnS2vR.jpg
"Jovem de ombro nu, circa 1835",Jean-Baptiste Camille Corot,woman,0.861228883266449,https://assets.masp.org.br/uploads/collection/yABr3pQVa3oBNs94D4Q9NEwNdxXCD0lo.jpg,yABr3pQVa3oBNs94D4Q9NEwNdxXCD0lo.jpg
Laurent-Denis Sennegon,Jean-Baptiste Camille Corot,man,0.4064945578575134,https://assets.masp.org.br/uploads/collection/f3cvXT86lg1ooToBNBHhR6adc43MJHlU.jpg,f3cvXT86lg1ooToBNBHhR6adc43MJHlU.jpg
Zélie Courbet,Gustave Courbet,woman,0.8604418635368347,https://assets.masp.org.br/uploads/collection/KwoDHyLZd90Oz2bX29B4KHbK9b7xIgYl.jpg,KwoDHyLZd90Oz2bX29B4KHbK9b7xIgYl.jpg
Interior com menina que lê,Henrique Bernardelli,woman,0.7138491272926331,https://assets.masp.org.br/uploads/collection/05ZDs0RHshgtvjdk8oWMN490rqk1JM0c.jpg,05ZDs0RHshgtvjdk8oWMN490rqk1JM0c.jpg
Paisagem de Ouro Preto,Henrique Bernardelli,many people,0.3382870554924011,https://assets.masp.org.br/uploads/collection/9v8ldZU8qImMFKDLt1HzMJ8sZ1tBoc1e.jpg,9v8ldZU8qImMFKDLt1HzMJ8sZ1tBoc1e.jpg
A primavera – Eurídice colhendo flores é mordida por uma cobra (A morte de Eurídice) – As quatro estações de Hartmann,Eugène Delacroix,woman,0.3070126175880432,https://assets.masp.org.br/uploads/collection/nn45P7nsfKLHw7h2lW3toBAsGu65BY9N.jpg,nn45P7nsfKLHw7h2lW3toBAsGu65BY9N.jpg
O verão – Diana surpreendida por Acteão,Eugène Delacroix,man,0.3405601382255554,https://assets.masp.org.br/uploads/collection/X7Txi51C5N5gPEiUmlxI8adzCDyFwpS3.jpg,X7Txi51C5N5gPEiUmlxI8adzCDyFwpS3.jpg
O outono – Baco e Ariadne,Eugène Delacroix,man,0.5783779621124268,https://assets.masp.org.br/uploads/collection/OB0luosge285trbUedkJjtRy2ainu6Tp.jpg,OB0luosge285trbUedkJjtRy2ainu6Tp.jpg
O inverno – Juno implora a Eolo a destruição da frota de Ulisses,Eugène Delacroix,woman,0.4789167046546936,https://assets.masp.org.br/uploads/collection/03pThEYpokTdsOfrWF1kBUP51g51JlD8.jpg,03pThEYpokTdsOfrWF1kBUP51g51JlD8.jpg
Ponta da Armação em Niterói,Henry Chamberlain,no_people,0.4913658797740936,https://assets.masp.org.br/uploads/collection/sQAqT7Gwtsuu0szSQ3hUEmQZZ4q91mDM.jpg,sQAqT7Gwtsuu0szSQ3hUEmQZZ4q91mDM.jpg
A ponta do calabouço,Henry Chamberlain,no_people,0.350824236869812,https://assets.masp.org.br/uploads/collection/yoOlUFHYVDDPlFojofoeL8z8WSvNm4rz.jpg,yoOlUFHYVDDPlFojofoeL8z8WSvNm4rz.jpg
Retrato de don Juan Antonio Llorente,Francisco Goya y Lucientes,woman,0.5777294039726257,https://assets.masp.org.br/uploads/collection/1PNjFNpxm5x7DR686kdwWMb73KTxId6M.jpg,1PNjFNpxm5x7DR686kdwWMb73KTxId6M.jpg
"Busto masculino, Sem data",José Ferraz de Almeida Júnior,man,0.5611834526062012,https://assets.masp.org.br/uploads/collection/VQNG8nswBmyplI1TxPjzDjTpBsdl1LVL.jpg,VQNG8nswBmyplI1TxPjzDjTpBsdl1LVL.jpg
"Moça com livro, Sem data",José Ferraz de Almeida Júnior,woman,0.751181960105896,https://assets.masp.org.br/uploads/collection/VdH9dEHYuTjJhvWeS6j6WrbBcZoyLlZU.jpg,VdH9dEHYuTjJhvWeS6j6WrbBcZoyLlZU.jpg
Cachoeira de Paulo Afonso,E. F. Schute,no_people,0.4923180937767029,https://assets.masp.org.br/uploads/collection/zDGhuLdR08PJk3lgsVGUiSXlk0Y61lnR.jpg,zDGhuLdR08PJk3lgsVGUiSXlk0Y61lnR.jpg
Angélica acorrentada,Jean-Auguste Dominique Ingres,woman,0.8327754735946655,https://assets.masp.org.br/uploads/collection/f1wjKvB0nPGRv7w99ZWBBL4h0QpRD6Ks.jpg,f1wjKvB0nPGRv7w99ZWBBL4h0QpRD6Ks.jpg
Paisagem com camponesa,Jean-Baptiste Camille Corot,no_people,0.5439306497573853,https://assets.masp.org.br/uploads/collection/EAxuj8egGJF5UyKYMptP6QtWjuaIJ2S3.jpg,EAxuj8egGJF5UyKYMptP6QtWjuaIJ2S3.jpg
Natureza-Morta com macaco e violão (arte e gulodice),Antoine Vollon,woman,0.383815050125122,https://assets.masp.org.br/uploads/collection/jK84FFyeLDD3rApLtRro1OHLgfoy86wH.jpg,jK84FFyeLDD3rApLtRro1OHLgfoy86wH.jpg
Dom Pedro II,Victor Meirelles,man,0.6977317333221436,https://assets.masp.org.br/uploads/collection/dxSDvkFF9SKQ2xLaPFRCpHb6a0Nj5LEy.jpg,dxSDvkFF9SKQ2xLaPFRCpHb6a0Nj5LEy.jpg
Dona Tereza Cristina,Victor Meirelles,woman,0.7618804574012756,https://assets.masp.org.br/uploads/collection/h0wZeZaDL8LG2fZfjldHpHJXiPFbz0NL.jpg,h0wZeZaDL8LG2fZfjldHpHJXiPFbz0NL.jpg
Paisagem nos arredores do Rio de Janeiro,Henri Nicolas Vinet,no_people,0.4858056306838989,https://assets.masp.org.br/uploads/collection/PteRTtMfjPVTuJkLylfgwbavrVbryzol.jpg,PteRTtMfjPVTuJkLylfgwbavrVbryzol.jpg
Moema,Victor Meirelles,woman,0.5818017721176147,https://assets.masp.org.br/uploads/collection/ZudIWmwhUBTWRCgR2oFleorjoKBSSqlm.jpg,ZudIWmwhUBTWRCgR2oFleorjoKBSSqlm.jpg
O pintor Le Coeur caçando na floresta de Fontainebleau,Pierre-Auguste Renoir,man,0.2995440065860748,https://assets.masp.org.br/uploads/collection/XbIIQayjDgweOisp2kCmIwtBc1y5d3uq.jpg,XbIIQayjDgweOisp2kCmIwtBc1y5d3uq.jpg
Cipião,Paul Cézanne,man,0.4340396523475647,https://assets.masp.org.br/uploads/collection/6XXPZZLFLxLVTcizsNDCSTgLpTuJj9zl.jpg,6XXPZZLFLxLVTcizsNDCSTgLpTuJj9zl.jpg
Vista de Desterro (Florianópolis),Joseph Bruggemann,no_people,0.4373064041137695,https://assets.masp.org.br/uploads/collection/IqcdlhdSnsgysgdtsvor4dkDABY7eSak.jpg,IqcdlhdSnsgysgdtsvor4dkDABY7eSak.jpg
Paul Alexis lê um manuscrito a Zola,Paul Cézanne,no_people,0.4505198895931244,https://assets.masp.org.br/uploads/collection/fmuqS4qjYbDIxRFoAn9BGFIG5d1ykaTx.jpg,fmuqS4qjYbDIxRFoAn9BGFIG5d1ykaTx.jpg
Enseada do Botafogo,Nicolau Facchinetti,no_people,0.3679114580154419,https://assets.masp.org.br/uploads/collection/7NJ8ROX5bHyjUsrSrksg6VBXOUCAAkw7.jpg,7NJ8ROX5bHyjUsrSrksg6VBXOUCAAkw7.jpg
A banhista e o cão griffon – Lise à beira do Sena,Pierre-Auguste Renoir,woman,0.8860992789268494,https://assets.masp.org.br/uploads/collection/fojdfnUturAb1LZITDt4U9ophEc0EfMM.jpg,fojdfnUturAb1LZITDt4U9ophEc0EfMM.jpg
A amazona – Retrato de Marie Lefébure,Édouard Manet,woman,0.7651466727256775,https://assets.masp.org.br/uploads/collection/Wu4AI4PpPlaUvVlSkr8OfbVgrurKh71g.jpg,Wu4AI4PpPlaUvVlSkr8OfbVgrurKh71g.jpg
Juliette Courbet,Gustave Courbet,woman,0.8942434191703796,https://assets.masp.org.br/uploads/collection/tAKXXJdBjyY8vHzNt7BT32KnIWn6erYD.jpg,tAKXXJdBjyY8vHzNt7BT32KnIWn6erYD.jpg
O Dr. José Maria Chaves,Victor Meirelles,man,0.4944832623004913,https://assets.masp.org.br/uploads/collection/4yUgwlmlguLsb5NrIXLNoaronrkaHKbn.jpg,4yUgwlmlguLsb5NrIXLNoaronrkaHKbn.jpg
Cigana com bandolim,Jean-Baptiste Camille Corot,woman,0.7918480634689331,https://assets.masp.org.br/uploads/collection/K6CuWOsSHE0wupZljBk8SHDDumYrqXzK.jpg,K6CuWOsSHE0wupZljBk8SHDDumYrqXzK.jpg
Rosas num copo,Jean-Baptiste Camille Corot,woman,0.5033536553382874,https://assets.masp.org.br/uploads/collection/rfODECRwxHhv3Vxi09fE1vfHOUFasErK.jpg,rfODECRwxHhv3Vxi09fE1vfHOUFasErK.jpg
Monge capuchinho,José Ferraz de Almeida Júnior,man,0.5469793677330017,https://assets.masp.org.br/uploads/collection/5Ze7gaJsw9gknoVKjdhxTjAJV6ZpztZo.jpg,5Ze7gaJsw9gknoVKjdhxTjAJV6ZpztZo.jpg
Banhistas no Sena – Academia,Édouard Manet,woman,0.782550573348999,https://assets.masp.org.br/uploads/collection/JCZTh9PUcG5YQz3hbZH6QxPvRMR1QrMv.jpg,JCZTh9PUcG5YQz3hbZH6QxPvRMR1QrMv.jpg
O artista – Retrato de Marcellin Desboutin,Édouard Manet,man,0.6498519778251648,https://assets.masp.org.br/uploads/collection/0MvH3Yuq7FxapqT353gcxvfD6nPdq8OV.jpg,0MvH3Yuq7FxapqT353gcxvfD6nPdq8OV.jpg
Dama sorrindo (retrato de Alphonsine Fournaise),Pierre-Auguste Renoir,woman,0.8847861289978027,https://assets.masp.org.br/uploads/collection/RihgDBtCWn5lCHmr8fXXk0sE3TlJ7feF.jpg,RihgDBtCWn5lCHmr8fXXk0sE3TlJ7feF.jpg
Oficiais alemães prestam homenagem a prisioneiros franceses feridos,Jean Baptiste Édouard Detaille,many people,0.5471965074539185,https://assets.masp.org.br/uploads/collection/8nTj0kDM0baYjWTpukQAp4xDvcmAQBUA.jpg,8nTj0kDM0baYjWTpukQAp4xDvcmAQBUA.jpg
Retrato da condessa de Pourtalès,Pierre-Auguste Renoir,woman,0.8748130798339844,https://assets.masp.org.br/uploads/collection/6vaw3jz41cc8gWW7hM5R1cCfAsxXYqaA.jpg,6vaw3jz41cc8gWW7hM5R1cCfAsxXYqaA.jpg
Rochedos em L’Estaque,Paul Cézanne,no_people,0.4264109134674072,https://assets.masp.org.br/uploads/collection/nE7KGEYqB6F4YFeHSogyBcQkw6OCa58I.jpg,nE7KGEYqB6F4YFeHSogyBcQkw6OCa58I.jpg
Retrato de Marthe Bérard,Pierre-Auguste Renoir,woman,0.7780008912086487,https://assets.masp.org.br/uploads/collection/H1S38lwcS3HW0HiX9QGl8wNlzyBCSsED.jpg,H1S38lwcS3HW0HiX9QGl8wNlzyBCSsED.jpg
A condessa Adèle de Toulouse-Lautrec,Henri de Toulouse-Lautrec,woman,0.660832405090332,https://assets.masp.org.br/uploads/collection/x8f5QGPJ48OqU4LiuwYsjv4y9Z8USQK9.jpg,x8f5QGPJ48OqU4LiuwYsjv4y9Z8USQK9.jpg
"O senhor Eugène Pertuiset, caçador de leões",Édouard Manet,man,0.5869438648223877,https://assets.masp.org.br/uploads/collection/15oC8GgvqypLh6Zi65hc0FN6zybPDBsA.jpg,15oC8GgvqypLh6Zi65hc0FN6zybPDBsA.jpg
Rosa e azul – As meninas Cahen d’Anvers,Pierre-Auguste Renoir,woman,0.4067537486553192,https://assets.masp.org.br/uploads/collection/q3jlwDAxkOhMn7dcqal9KEIa4vDpH2e7.jpg,q3jlwDAxkOhMn7dcqal9KEIa4vDpH2e7.jpg
O ateliê do estatuário Simões de Almeida,José Malhoa,man,0.3796420991420746,https://assets.masp.org.br/uploads/collection/7IyNg4X7tgn3a1cIA3NLDcq08aHAEbQ2.jpg,7IyNg4X7tgn3a1cIA3NLDcq08aHAEbQ2.jpg
Panorama da Baía de Guanabara,Caroline Gower,no_people,0.6596555709838867,https://assets.masp.org.br/uploads/collection/vshRQDnK6WVRNVvoZKgpTvSzenVaeKv2.jpg,vshRQDnK6WVRNVvoZKgpTvSzenVaeKv2.jpg
"Mulher enxugando o braço esquerdo (após o banho), circa 1884",Edgar Degas,woman,0.7847549915313721,https://assets.masp.org.br/uploads/collection/fX0ZWZk42zxso1FhCwSGoy4fuLaa8SsY.jpg,fX0ZWZk42zxso1FhCwSGoy4fuLaa8SsY.jpg
"Natureza-morta com prato, vaso e flores","Desconhecido, anteriormente atribuído a Vincent van Gogh",woman,0.4825322031974792,https://assets.masp.org.br/uploads/collection/miB6ysVKGoZJLhrTslUe3U3ybCzLXIfg.jpg,miB6ysVKGoZJLhrTslUe3U3ybCzLXIfg.jpg
Barcas à margem do rio,Emmanuel Zamor,no_people,0.5020859837532043,https://assets.masp.org.br/uploads/collection/Zry7Jxe0SLcO8vcS8GXgSyJ013QklunC.jpg,Zry7Jxe0SLcO8vcS8GXgSyJ013QklunC.jpg
Marinha com barco,João Baptista Castagneto,no_people,0.5132105946540833,https://assets.masp.org.br/uploads/collection/rdIQyol60n6R95yd2L5KaHKh50iqoH83.jpg,rdIQyol60n6R95yd2L5KaHKh50iqoH83.jpg
Cais do Mercado em Santos,Benedito Calixto,many people,0.5014946460723877,https://assets.masp.org.br/uploads/collection/lpIJEPhGbWZosHxp98AhgEkmwwX0JLZZ.jpg,lpIJEPhGbWZosHxp98AhgEkmwwX0JLZZ.jpg
Alegoria da pintura sobre cerâmica,Columbano,woman,0.7139836549758911,https://assets.masp.org.br/uploads/collection/46mSHGdByJBAuOd7rXbEtcmbJfOmnnnA.jpg,46mSHGdByJBAuOd7rXbEtcmbJfOmnnnA.jpg
O ateliê do artista,José Ferraz de Almeida Júnior,woman,0.4472323358058929,https://assets.masp.org.br/uploads/collection/GWAisbJHeMRuXX1az2bDfs9iYTPcxugo.jpg,GWAisbJHeMRuXX1az2bDfs9iYTPcxugo.jpg
Peixe,Pedro Alexandrino,woman,0.4924702942371368,https://assets.masp.org.br/uploads/collection/n9IqN4fneNu5PD0hJ1J46rQyxx5UI7JF.jpg,n9IqN4fneNu5PD0hJ1J46rQyxx5UI7JF.jpg
Uma salva em dia de grande gala na Baía do Rio de Janeiro,João Baptista Castagneto,many people,0.433488130569458,https://assets.masp.org.br/uploads/collection/qz4YQyfXVbe8ssRo2v7RVAAOjjhNbeoI.jpg,qz4YQyfXVbe8ssRo2v7RVAAOjjhNbeoI.jpg
Casa de quarentena na Ilha Grande,Nicolau Facchinetti,no_people,0.4086779057979584,https://assets.masp.org.br/uploads/collection/wdhPk85drM59jWbAmRbyJD3looJWkdPZ.jpg,wdhPk85drM59jWbAmRbyJD3looJWkdPZ.jpg
Madame Cézanne em vermelho,Paul Cézanne,woman,0.8632182478904724,https://assets.masp.org.br/uploads/collection/Nqgfy9HFN4YyFr3mnZRRuFdYbbGGDiAS.jpg,Nqgfy9HFN4YyFr3mnZRRuFdYbbGGDiAS.jpg
O grande pinheiro,Paul Cézanne,no_people,0.4317880868911743,https://assets.masp.org.br/uploads/collection/WQv0bzGFQtEqxvEJENcqkbyo1uF9KRoi.jpg,WQv0bzGFQtEqxvEJENcqkbyo1uF9KRoi.jpg
O escolar (O filho do carteiro – Gamin au Képi),Vincent van Gogh,woman,0.4883310198783874,https://assets.masp.org.br/uploads/collection/ajTF4SbSv0uinF9u3fj3mndSU8TNG67d.jpg,ajTF4SbSv0uinF9u3fj3mndSU8TNG67d.jpg
Menina com as espigas,Pierre-Auguste Renoir,woman,0.5045327544212341,https://assets.masp.org.br/uploads/collection/HDZiTBDbqkXTlUb8vVdvfeBuuNy1ljZQ.jpg,HDZiTBDbqkXTlUb8vVdvfeBuuNy1ljZQ.jpg
Recanto da Praia de Icaraí,Nicolau Facchinetti,no_people,0.5597153902053833,https://assets.masp.org.br/uploads/collection/FIiCXnlOsnpraGb38zmfg7keU0G0W2eZ.jpg,FIiCXnlOsnpraGb38zmfg7keU0G0W2eZ.jpg
Monsieur Fourcade,Henri de Toulouse-Lautrec,man,0.2655713856220245,https://assets.masp.org.br/uploads/collection/qVuC9eONqi7pn5RgAZ13K0AbRmTSicQW.jpg,qVuC9eONqi7pn5RgAZ13K0AbRmTSicQW.jpg
Caio da Silva Prado,Pedro Américo,man,0.5284533500671387,https://assets.masp.org.br/uploads/collection/0wn0XKA2nOWIEhNE1gErhGSbtjmw5KqY.jpg,0wn0XKA2nOWIEhNE1gErhGSbtjmw5KqY.jpg
Niterói,Nicolau Facchinetti,no_people,0.5062562823295593,https://assets.masp.org.br/uploads/collection/IWevaJPfNI4DpVR4rsaykGSyY0LP3Aaz.jpg,IWevaJPfNI4DpVR4rsaykGSyY0LP3Aaz.jpg
Banco de pedra no asilo de Saint-Remy,Vincent van Gogh,no_people,0.7003699541091919,https://assets.masp.org.br/uploads/collection/qXPWeGoLHxGNG5MtVX8UJl5DTCRnonTO.jpg,qXPWeGoLHxGNG5MtVX8UJl5DTCRnonTO.jpg
"A canoa sobre o Epte, circa 1890",Claude Monet,woman,0.3552421629428863,https://assets.masp.org.br/uploads/collection/SJgatLhJRb4sOQMXYCF6HzcDpvL66AmY.jpg,SJgatLhJRb4sOQMXYCF6HzcDpvL66AmY.jpg
Quatro bailarinas em cena,Edgar Degas,woman,0.4162226021289825,https://assets.masp.org.br/uploads/collection/KaemapMYXLCxL4eCGx4XMVJNvunb2294.jpg,KaemapMYXLCxL4eCGx4XMVJNvunb2294.jpg
O Canal Grande em Veneza,Félix Ziem,many people,0.4054180979728699,https://assets.masp.org.br/uploads/collection/1OeV7lR4bh6FXpRaHDgji2vJlahRvKUk.jpg,1OeV7lR4bh6FXpRaHDgji2vJlahRvKUk.jpg
Wilhelm Bruch,Hermann Petzet,man,0.521984338760376,https://assets.masp.org.br/uploads/collection/JnoUNhdEiNPfbNCg2kUbWzaSEA4uyTbG.jpg,JnoUNhdEiNPfbNCg2kUbWzaSEA4uyTbG.jpg
A arlesiana,Vincent van Gogh,woman,0.7238710522651672,https://assets.masp.org.br/uploads/collection/dShAXiYuKn6H1tGA9gl8izcwwLQjFZyF.jpg,dShAXiYuKn6H1tGA9gl8izcwwLQjFZyF.jpg
Passeio ao crepúsculo,Vincent van Gogh,man,0.3794178068637848,https://assets.masp.org.br/uploads/collection/vxnOteAWam5Zl74K0eCU5Ls7P9xVBxdv.jpg,vxnOteAWam5Zl74K0eCU5Ls7P9xVBxdv.jpg
A cachoeira do Rio Sorocaba,Benedito Calixto,no_people,0.4858274757862091,https://assets.masp.org.br/uploads/collection/AC1fbkHqNYJHkhdjzyZJAvgdCEX9UVWV.jpg,AC1fbkHqNYJHkhdjzyZJAvgdCEX9UVWV.jpg
O vestido estampado,Édouard Vuillard,woman,0.7399219274520874,https://assets.masp.org.br/uploads/collection/nfO3YiiyYowcYNLCMqnGFvesS3jekKbF.jpg,nfO3YiiyYowcYNLCMqnGFvesS3jekKbF.jpg
Mulher se penteando – Duas mulheres em camisola,Henri de Toulouse-Lautrec,woman,0.6118704676628113,https://assets.masp.org.br/uploads/collection/LXtaU1wG7tvkMZkSd9S9qwlDBoPYAaIH.jpg,LXtaU1wG7tvkMZkSd9S9qwlDBoPYAaIH.jpg
A roda,Henri de Toulouse-Lautrec,man,0.4240417778491974,https://assets.masp.org.br/uploads/collection/SmhFynWqwstGqEAKvd9G6eCRxf2bMqwt.jpg,SmhFynWqwstGqEAKvd9G6eCRxf2bMqwt.jpg
O ateliê do artista,José Malhoa,woman,0.7014387249946594,https://assets.masp.org.br/uploads/collection/yTXpcOc1Mk7hrFaV2lI4S3UwwXvYxbXZ.jpg,yTXpcOc1Mk7hrFaV2lI4S3UwwXvYxbXZ.jpg
Paisagem com rio e barco ao seco em São Paulo (Ponte Grande),João Baptista Castagneto,no_people,0.5565300583839417,https://assets.masp.org.br/uploads/collection/LMvsIPwubt7raYFa2sGLCRVAKlXtImve.jpg,LMvsIPwubt7raYFa2sGLCRVAKlXtImve.jpg
Nu,Eliseu Visconti,woman,0.8913402557373047,https://assets.masp.org.br/uploads/collection/HSPI4eHkQ2BaKkt4wyjOgocwZz6gy1Fn.jpg,HSPI4eHkQ2BaKkt4wyjOgocwZz6gy1Fn.jpg
Paz e concórdia,Pedro Américo,many people,0.5673589706420898,https://assets.masp.org.br/uploads/collection/Hx9OFcCFEZLpE3aDizj7Cdcz7SRkhOBi.jpg,Hx9OFcCFEZLpE3aDizj7Cdcz7SRkhOBi.jpg
Natureza-morta com vaso e frutas,Pedro Alexandrino,woman,0.6077475547790527,https://assets.masp.org.br/uploads/collection/gNaYJS2A22A80hCiTnho7UtpnNkhZqCp.jpg,gNaYJS2A22A80hCiTnho7UtpnNkhZqCp.jpg
"A convalescente, circa 1896",Eliseu Visconti,woman,0.6908759474754333,https://assets.masp.org.br/uploads/collection/WPQS3q8vnL81b3Q1wX6ATZWXlbDr34QM.jpg,WPQS3q8vnL81b3Q1wX6ATZWXlbDr34QM.jpg
Notícias desagradáveis,Rosalvo Ribeiro,man,0.6200757026672363,https://assets.masp.org.br/uploads/collection/GkuiagtXFj63EeDYuFHkwrFFuJlbWMxD.jpg,GkuiagtXFj63EeDYuFHkwrFFuJlbWMxD.jpg
"Retrato de homem com cartola: o poeta Hanvin, o homem do fígaro",Giovanni Boldini,man,0.591513991355896,https://assets.masp.org.br/uploads/collection/dNcXvF5OlxvQgXg4AqlLqzKVWONlTjFe.jpg,dNcXvF5OlxvQgXg4AqlLqzKVWONlTjFe.jpg
Artista com luvas verdes – A cantora Dolly do Café Star de Le Havre,Henri de Toulouse-Lautrec,woman,0.6975407004356384,https://assets.masp.org.br/uploads/collection/oNdnAyKmgF4Xz5PaGdHm4HJc0wHEe1so.jpg,oNdnAyKmgF4Xz5PaGdHm4HJc0wHEe1so.jpg
Interior com duas crianças,Rosalvo Ribeiro,man,0.5629868507385254,https://assets.masp.org.br/uploads/collection/t94Vj7AhfmAFMpSjmwhSrmZP36ehM1P2.jpg,t94Vj7AhfmAFMpSjmwhSrmZP36ehM1P2.jpg
"Rampa do Porto do Bispo em Santos, circa 1900",Benedito Calixto,no_people,0.5334458351135254,https://assets.masp.org.br/uploads/collection/1nuiZ3DLPgmSEeTVbJyvP9HfGx6OLWq2.jpg,1nuiZ3DLPgmSEeTVbJyvP9HfGx6OLWq2.jpg
Rampa do Porto do Bispo em Santos,Benedito Calixto,no_people,0.452429711818695,https://assets.masp.org.br/uploads/collection/PY7pTnvsdOYOjJR0rwIIQaiiVIPOfjFR.jpg,PY7pTnvsdOYOjJR0rwIIQaiiVIPOfjFR.jpg
Paisagem fluvial,Henri Harpignies,no_people,0.3856099545955658,https://assets.masp.org.br/uploads/collection/t1GlVW8D7ijQLglLtfylcDpX8msBPqcJ.jpg,t1GlVW8D7ijQLglLtfylcDpX8msBPqcJ.jpg
Henriette Bruch Schroell,Hermann Petzet,woman,0.687719464302063,https://assets.masp.org.br/uploads/collection/V2mUgFdFKd8ISjaogcZbJSSlwpmIvn9U.jpg,V2mUgFdFKd8ISjaogcZbJSSlwpmIvn9U.jpg
Retrato de Octave Raquin,Henri de Toulouse-Lautrec,man,0.6708635091781616,https://assets.masp.org.br/uploads/collection/GacBd1jcuNtky7ep6TYFVscnudPonyAm.jpg,GacBd1jcuNtky7ep6TYFVscnudPonyAm.jpg
Paul Viaud em almirante do século XVIII (o almirante Viaud),Henri de Toulouse-Lautrec,man,0.4430754780769348,https://assets.masp.org.br/uploads/collection/LwL7pxqoTARuYPq6H3UsvAfy2S7ACzdm.jpg,LwL7pxqoTARuYPq6H3UsvAfy2S7ACzdm.jpg
Senhora com chápeu de palha (passeio matinal),Giovanni Boldini,woman,0.8108790516853333,https://assets.masp.org.br/uploads/collection/vggKKNULTsMP5N0hxwPHWbWma4SVNttw.jpg,vggKKNULTsMP5N0hxwPHWbWma4SVNttw.jpg
Retrato de Coco (Claude Renoir),Pierre-Auguste Renoir,woman,0.7819779515266418,https://assets.masp.org.br/uploads/collection/tnVkFNvao07Ni2o3JgDlGzvLFBRiYKLz.jpg,tnVkFNvao07Ni2o3JgDlGzvLFBRiYKLz.jpg
Mulher enxugando a perna esquerda,Edgar Degas,woman,0.3840700685977936,https://assets.masp.org.br/uploads/collection/oHXAloOpOVIAHySsSyCVwjDSgLGRAYva.jpg,oHXAloOpOVIAHySsSyCVwjDSgLGRAYva.jpg
Interior de laboratório,José Júlio de Souza Pinto,no_people,0.2865590453147888,https://assets.masp.org.br/uploads/collection/epbrL5CbzdHsrOef64S9BsxgZDQpOIOg.jpg,epbrL5CbzdHsrOef64S9BsxgZDQpOIOg.jpg
Retrato de Suzanne Bloch,Pablo Picasso,woman,0.720260739326477,https://assets.masp.org.br/uploads/collection/it5RS5czhm99ukST4LKdXqJfsVf4d2hP.jpg,it5RS5czhm99ukST4LKdXqJfsVf4d2hP.jpg
Quatro cabeças (Jean Renoir),Pierre-Auguste Renoir,many people,0.4568391740322113,https://assets.masp.org.br/uploads/collection/mVvvoLFzToymcYAI1NueYQRfhp8G7nmM.jpg,mVvvoLFzToymcYAI1NueYQRfhp8G7nmM.jpg
Toalete (Fernande),Pablo Picasso,woman,0.8612546324729919,https://assets.masp.org.br/uploads/collection/fL1EHoKtUjOTmt9lmdu3cBCDbX4bGCfA.jpg,fL1EHoKtUjOTmt9lmdu3cBCDbX4bGCfA.jpg
Barco na praia,Rodolfo Chambelland,no_people,0.5848224759101868,https://assets.masp.org.br/uploads/collection/BDraq7xS047fuuguS9XVLA1LSM9RDDUJ.jpg,BDraq7xS047fuuguS9XVLA1LSM9RDDUJ.jpg
"Retrato de Claude Renoir, circa 1908",Pierre-Auguste Renoir,man,0.5239301919937134,https://assets.masp.org.br/uploads/collection/xdZUkDeim1jXxNQ5hy76hLDZLZ2SadZc.jpg,xdZUkDeim1jXxNQ5hy76hLDZLZ2SadZc.jpg
A dama de verde,Arthur Timótheo da Costa,woman,0.7358906865119934,https://assets.masp.org.br/uploads/collection/YgTFVE5rvsAz2GZWUgaIk9MZp9djc7kP.jpg,YgTFVE5rvsAz2GZWUgaIk9MZp9djc7kP.jpg
Busto de homem (o atleta),Pablo Picasso,man,0.4979349076747894,https://assets.masp.org.br/uploads/collection/1iHhVL06WUJRCR7N1NgQlLIB04fcADTw.jpg,1iHhVL06WUJRCR7N1NgQlLIB04fcADTw.jpg
Iracema,Antônio Parreiras,woman,0.5532127618789673,https://assets.masp.org.br/uploads/collection/rjIQiRpWT6RIPcofoXFS8TdF21gsHf7H.jpg,rjIQiRpWT6RIPcofoXFS8TdF21gsHf7H.jpg
O Sena,Lucílio de Albuquerque,man,0.3663709759712219,https://assets.masp.org.br/uploads/collection/rvvkfYqxiKQbzVy4ooXyMK8HFkwsMhbH.jpg,rvvkfYqxiKQbzVy4ooXyMK8HFkwsMhbH.jpg
"Banhista enxugando a perna direita, circa 1910",Pierre-Auguste Renoir,woman,0.8067001104354858,https://assets.masp.org.br/uploads/collection/AFIU5cWX6GQ3abXmszJqXsgCOSksN32x.jpg,AFIU5cWX6GQ3abXmszJqXsgCOSksN32x.jpg
Dois cavaleiros,Mikhail Larionov,no_people,0.5087271928787231,https://assets.masp.org.br/uploads/collection/0zB2llIAlwkn6pxUfMs0MDGW8tMCF1gt.jpg,0zB2llIAlwkn6pxUfMs0MDGW8tMCF1gt.jpg
O lenhador,Ferdinand Hodler,man,0.6168013215065002,https://assets.masp.org.br/uploads/collection/pAVjqvUVKfEXQftq32drIHyXMHg64l7O.jpg,pAVjqvUVKfEXQftq32drIHyXMHg64l7O.jpg
Veleiros na tempestade,Max Pechstein,no_people,0.3874821066856384,https://assets.masp.org.br/uploads/collection/l7AH9bbmsBpp0PYEEkRs2UWzqjIsxZo3.jpg,l7AH9bbmsBpp0PYEEkRs2UWzqjIsxZo3.jpg
Banhista enxugando o braço direito – Grande nu sentado,Pierre-Auguste Renoir,woman,0.7325681447982788,https://assets.masp.org.br/uploads/collection/dPl77lm1x1GydemqTvXgzmGt1kl5Ipyj.jpg,dPl77lm1x1GydemqTvXgzmGt1kl5Ipyj.jpg
"Pescadores perto do Palazzo Donn'Anna em Posillipo, Nápoles",Eduardo Dalbono,many people,0.303106278181076,https://assets.masp.org.br/uploads/collection/YH1vabeVpJyDfgxDPxWd9CLqNFguFo6B.jpg,YH1vabeVpJyDfgxDPxWd9CLqNFguFo6B.jpg
Retrato de Diego Rivera,Amedeo Modigliani,woman,0.6207764148712158,https://assets.masp.org.br/uploads/collection/dl8DKyPPN1nF6rRhygYBnXjeFdX3B6GY.jpg,dl8DKyPPN1nF6rRhygYBnXjeFdX3B6GY.jpg
A estudante,Anita Malfatti,woman,0.8239376544952393,https://assets.masp.org.br/uploads/collection/qMpcPaBnNkBQtj1CRbjM51EWmFLel0E8.jpg,qMpcPaBnNkBQtj1CRbjM51EWmFLel0E8.jpg
Retrato de Leopold Zborowski,Amedeo Modigliani,man,0.7146731019020081,https://assets.masp.org.br/uploads/collection/rUceSX5a9lLwXRHCTk1d3iDLFeSDIQHu.jpg,rUceSX5a9lLwXRHCTk1d3iDLFeSDIQHu.jpg
Chakoska,Amedeo Modigliani,woman,0.7542309761047363,https://assets.masp.org.br/uploads/collection/L5qMnfyMtHIWWSoxwgjbIZKJQU1KHZoP.jpg,L5qMnfyMtHIWWSoxwgjbIZKJQU1KHZoP.jpg
Madame G. van Muyden,Amedeo Modigliani,woman,0.8926819562911987,https://assets.masp.org.br/uploads/collection/qAc87QQ56Mmbu9mqQlhpVd7Uf9rgQgjh.jpg,qAc87QQ56Mmbu9mqQlhpVd7Uf9rgQgjh.jpg
Renée,Amedeo Modigliani,woman,0.8211084604263306,https://assets.masp.org.br/uploads/collection/QCnPlk7uHCKt5B88IoOtBIucGRTSuC9k.jpg,QCnPlk7uHCKt5B88IoOtBIucGRTSuC9k.jpg
O menino,Arthur Timótheo da Costa,woman,0.3130311965942383,https://assets.masp.org.br/uploads/collection/lQGqxbuIBEsYPKNoNzd7ktspI2rdMsVI.jpg,lQGqxbuIBEsYPKNoNzd7ktspI2rdMsVI.jpg
Flores,Eliseu Visconti,woman,0.4362958073616028,https://assets.masp.org.br/uploads/collection/3OqmtAot0acs8QOY8COSL83eyOrME0AZ.jpg,3OqmtAot0acs8QOY8COSL83eyOrME0AZ.jpg
Retrato do desembargador Gabriel Gonçalves Gomide,John Graz,man,0.4653186202049255,https://assets.masp.org.br/uploads/collection/vYzB5UBHOqxfntIhfbggXBftcWzpB6l8.jpg,vYzB5UBHOqxfntIhfbggXBftcWzpB6l8.jpg
"Lunia Czcchwska, circa 1918",Amedeo Modigliani,woman,0.8253733515739441,https://assets.masp.org.br/uploads/collection/jDDpF4u0NTXxfmmwYgXJss3yqpGyT106.jpg,jDDpF4u0NTXxfmmwYgXJss3yqpGyT106.jpg
Nus,Suzanne Valadon,woman,0.5954825282096863,https://assets.masp.org.br/uploads/collection/uRkSH3vw1TgzIVXhJclYyGKplHi5LzVe.jpg,uRkSH3vw1TgzIVXhJclYyGKplHi5LzVe.jpg
O torso de gesso,Henri Matisse,woman,0.7815198302268982,https://assets.masp.org.br/uploads/collection/Q43TTEAKNsak2UwIHWaZzB62DBoRrsv3.jpg,Q43TTEAKNsak2UwIHWaZzB62DBoRrsv3.jpg
Marina com regata a velas e rebocador,Carlos Balliester,no_people,0.4512452781200409,https://assets.masp.org.br/uploads/collection/9SFai6rTwg7wKPDwuGSbBdqPxkIfnw7L.jpg,9SFai6rTwg7wKPDwuGSbBdqPxkIfnw7L.jpg
A ponte japonesa sobre a lagoa das ninfeias em Giverny,Claude Monet,no_people,0.5213161706924438,https://assets.masp.org.br/uploads/collection/geKNYNddyGmRI7yPN1fuG8ObSTVpc8Bi.jpg,geKNYNddyGmRI7yPN1fuG8ObSTVpc8Bi.jpg
Interior de indigentes,Lasar Segall,woman,0.8406693339347839,https://assets.masp.org.br/uploads/collection/ytXRqX1TxtCH7GttfH2XS0wDTA227vFs.jpg,ytXRqX1TxtCH7GttfH2XS0wDTA227vFs.jpg
Composição – Três nus femininos,André Lhote,woman,0.4420726001262665,https://assets.masp.org.br/uploads/collection/73exMtw1EtEiufybhToVvYEa3rw0xEBa.jpg,73exMtw1EtEiufybhToVvYEa3rw0xEBa.jpg
Paisagem de porto,Othon Friesz,no_people,0.395108163356781,https://assets.masp.org.br/uploads/collection/aMnqt6pBBovDhAbbQFiOuxI9G7nBQY86.jpg,aMnqt6pBBovDhAbbQFiOuxI9G7nBQY86.jpg
Fazenda de Brejinho,João Baptista da Costa,no_people,0.4507882297039032,https://assets.masp.org.br/uploads/collection/nBsbPPeVAzgUQmnJTlKXdflvaq0lqK9v.jpg,nBsbPPeVAzgUQmnJTlKXdflvaq0lqK9v.jpg
Beduíno,Rodolfo Amoedo,man,0.488635390996933,https://assets.masp.org.br/uploads/collection/McCeXRFwZA91cEWppw1n4rg5iIHDPjBk.jpg,McCeXRFwZA91cEWppw1n4rg5iIHDPjBk.jpg
Vendedor de gado,Marc Chagall,woman,0.3532758057117462,https://assets.masp.org.br/uploads/collection/MKI6YYLnw9jF9JJMbsjcxXM3EbETy5eK.jpg,MKI6YYLnw9jF9JJMbsjcxXM3EbETy5eK.jpg
Paisagem com canoa na margem,Alfredo Andersen,no_people,0.6580569744110107,https://assets.masp.org.br/uploads/collection/F0IFPWxjWOMtzjzvdl5tPZMxxaWcw6nM.jpg,F0IFPWxjWOMtzjzvdl5tPZMxxaWcw6nM.jpg
Menino nu e tartaruga,Vicente do Rego Monteiro,man,0.6175451278686523,https://assets.masp.org.br/uploads/collection/riuclbSwcm1GcPD80RP6hvTCNah9cpNO.jpg,riuclbSwcm1GcPD80RP6hvTCNah9cpNO.jpg
A compoteira de peras,Fernand Léger,woman,0.3375180065631866,https://assets.masp.org.br/uploads/collection/jwGosjpc6VgQjwYaeJH8mxFNgmR2KiPi.jpg,jwGosjpc6VgQjwYaeJH8mxFNgmR2KiPi.jpg
Autorretrato,Victor Brecheret,man,0.4545090496540069,https://assets.masp.org.br/uploads/collection/oOmtMxhrbMXlVx1kxMNfueR4IqBGukA7.jpg,oOmtMxhrbMXlVx1kxMNfueR4IqBGukA7.jpg
Retrato de Gianfranco Contini aos dezesseis anos e uma marinha,Filippo de Pisis,man,0.5945212244987488,https://assets.masp.org.br/uploads/collection/yMGcYs7Jzj1uEkAaww79ytLVWIaAlkt8.jpg,yMGcYs7Jzj1uEkAaww79ytLVWIaAlkt8.jpg
Paisagem urbana,Rudolf Jacobi,many people,0.4350214004516601,https://assets.masp.org.br/uploads/collection/MvP6uqhSdVga5XqKYuvZCEh0pA5DapXL.jpg,MvP6uqhSdVga5XqKYuvZCEh0pA5DapXL.jpg
Cinco moças de Guaratinguetá,Emiliano Di Cavalcanti,many people,0.4690539538860321,https://assets.masp.org.br/uploads/collection/Gaqi28lXnpFUdGbi3oGHleENbXlxKHlu.jpg,Gaqi28lXnpFUdGbi3oGHleENbXlxKHlu.jpg
Senhora sentada (a conversa),Giovanni Boldini,woman,0.8105210661888123,https://assets.masp.org.br/uploads/collection/tmBDeBZtUhUIBuApvySQPfiYCxAJHLAH.jpg,tmBDeBZtUhUIBuApvySQPfiYCxAJHLAH.jpg
A renúncia de ser rei – Aclamação de Amador Bueno,Oscar Pereira da Silva,many people,0.6483528017997742,https://assets.masp.org.br/uploads/collection/cxmGGWBSGulI0fibI2yA6YA6nKHMzKCr.jpg,cxmGGWBSGulI0fibI2yA6YA6nKHMzKCr.jpg
Nu feminino deitado,Flávio de Carvalho,woman,0.5704130530357361,https://assets.masp.org.br/uploads/collection/dOvJ1mb0mXzIEQKaCMMMPcZx4etlkJmR.jpg,dOvJ1mb0mXzIEQKaCMMMPcZx4etlkJmR.jpg
"Busto do Poeta Felippe Daudt d’Oliveira, da série Os Retratos",Candido Portinari,man,0.6424999833106995,https://assets.masp.org.br/uploads/collection/ucIoaxVzkFN0CMuKPHF728nFNi4hsCCe.jpg,ucIoaxVzkFN0CMuKPHF728nFNi4hsCCe.jpg
O lavrador de café,Candido Portinari,man,0.5784440636634827,https://assets.masp.org.br/uploads/collection/k3Si2GZdIUf7aumoDG5TircajN5MRG8N.jpg,k3Si2GZdIUf7aumoDG5TircajN5MRG8N.jpg
"O senhor Queiroz Lima, da série Os Retratos",Candido Portinari,man,0.8125325441360474,https://assets.masp.org.br/uploads/collection/QpFzuoh4J1tu3xAQXnczUS04yXTHlGfS.jpg,QpFzuoh4J1tu3xAQXnczUS04yXTHlGfS.jpg
Sacré-Coeur de Montmartre e Château des Brouillards,Maurice Utrillo,no_people,0.3784202337265014,https://assets.masp.org.br/uploads/collection/pTrsIjSgLSQeYAwgFrq2D9AfHt8P58X1.jpg,pTrsIjSgLSQeYAwgFrq2D9AfHt8P58X1.jpg
Guitarrista e duas figuras femininas,Marie Laurencin,woman,0.4745561778545379,https://assets.masp.org.br/uploads/collection/0pZRFHPrq7rZfaFVZKHfKcOSCLl2lAsK.jpg,0pZRFHPrq7rZfaFVZKHfKcOSCLl2lAsK.jpg
A sala azul de Trent Park,Winston Churchill,woman,0.5167768597602844,https://assets.masp.org.br/uploads/collection/FjgXC7F6QnJl60NxNbiCHCK7MMrLbJ2x.jpg,FjgXC7F6QnJl60NxNbiCHCK7MMrLbJ2x.jpg
"Rabat, a ponta das Oudaïas",Albert Marquet,no_people,0.5028545260429382,https://assets.masp.org.br/uploads/collection/BkaxM7CsiC8E6yK85yXEIsuhRwl5n88w.jpg,BkaxM7CsiC8E6yK85yXEIsuhRwl5n88w.jpg
Varredores de rua (os garis),Carlos Prado,no_people,0.6412103176116943,https://assets.masp.org.br/uploads/collection/ZxrLkt4L9sbViKFkBsheWasSJBozpB9R.jpg,ZxrLkt4L9sbViKFkBsheWasSJBozpB9R.jpg
"Retrato de Ináh Prudente de Moraes, da série Os Retratos",Candido Portinari,woman,0.7912801504135132,https://assets.masp.org.br/uploads/collection/rdmzc4OhUxNxv55UIfppQGUtAkdzX5bG.jpg,rdmzc4OhUxNxv55UIfppQGUtAkdzX5bG.jpg
Composição – Interior com figuras femininas,André Lhote,woman,0.8426602482795715,https://assets.masp.org.br/uploads/collection/8yjwD9SlrL0TD3ewNLqxIvgwtuQrvlIO.jpg,8yjwD9SlrL0TD3ewNLqxIvgwtuQrvlIO.jpg
Fuzileiro naval,Roberto Burle Marx,man,0.5212864875793457,https://assets.masp.org.br/uploads/collection/PbVJVCJZL4htwsc62iRjcbcp6sjEUD0U.jpg,PbVJVCJZL4htwsc62iRjcbcp6sjEUD0U.jpg
Moças do Boulevard Raspail,Noemia Mourão,woman,0.7447137832641602,https://assets.masp.org.br/uploads/collection/8qWJdw7uSbgEswlhJ27kDoHnAsOj1XCp.jpg,8qWJdw7uSbgEswlhJ27kDoHnAsOj1XCp.jpg
São Francisco,Candido Portinari,man,0.4968391358852386,https://assets.masp.org.br/uploads/collection/MtfyN3o4PCjXcS1L83OjoC1sWrDpC0bp.jpg,MtfyN3o4PCjXcS1L83OjoC1sWrDpC0bp.jpg
Autorretrato com marreta,José Pancetti,man,0.4592991769313812,https://assets.masp.org.br/uploads/collection/iDbOF104k9Zx2qAdVLklMfTitKV48Y5q.jpg,iDbOF104k9Zx2qAdVLklMfTitKV48Y5q.jpg
"O último baluarte – A ira das mães, da série Bíblica",Candido Portinari,many people,0.4901034533977508,https://assets.masp.org.br/uploads/collection/Onre912TJdyNd0ag8qpvKlZWNEADSzC5.jpg,Onre912TJdyNd0ag8qpvKlZWNEADSzC5.jpg
Briga de cachorros,Carybé,woman,0.3903703689575195,https://assets.masp.org.br/uploads/collection/YQxKdSs3mWU5GrHB8mkJEqZ5vf5Lf5sp.jpg,YQxKdSs3mWU5GrHB8mkJEqZ5vf5Lf5sp.jpg
A grande árvore,Chaïm Soutine,man,0.3648085296154022,https://assets.masp.org.br/uploads/collection/1h6PV6XQC9L7PWuX2brnRoT0hE4WFnfu.jpg,1h6PV6XQC9L7PWuX2brnRoT0hE4WFnfu.jpg
Guerra,Lasar Segall,many people,0.6578826904296875,https://assets.masp.org.br/uploads/collection/Mfh3gGXPxbxRSEcc82yAsoQBM3ii3xOa.jpg,Mfh3gGXPxbxRSEcc82yAsoQBM3ii3xOa.jpg
"Duas amigas, circa 1943",Ernesto De Fiori,woman,0.778689444065094,https://assets.masp.org.br/uploads/collection/F3Xn1M9CSXKAvUGrrSsukY4g18cRT7gT.jpg,F3Xn1M9CSXKAvUGrrSsukY4g18cRT7gT.jpg
"A justiça de Salomão, da série Bíblica",Candido Portinari,man,0.3870354294776916,https://assets.masp.org.br/uploads/collection/zcnuBd9ZFE83BB9nk6W5uYTWYSRPJk9E.jpg,zcnuBd9ZFE83BB9nk6W5uYTWYSRPJk9E.jpg
"O sacrifício de Abrahão, da série Bíblica",Candido Portinari,woman,0.5703000426292419,https://assets.masp.org.br/uploads/collection/cXY0J8h7oIzlWA6XzQiMiLyOS1th6nQa.jpg,cXY0J8h7oIzlWA6XzQiMiLyOS1th6nQa.jpg
"O Massacre dos Inocentes, da série Bíblica",Candido Portinari,woman,0.4279119968414306,https://assets.masp.org.br/uploads/collection/XhvWvfYrKXEe5nhLjTlBUVq6y2oBl27b.jpg,XhvWvfYrKXEe5nhLjTlBUVq6y2oBl27b.jpg
"As trombetas de Jericó, da série Bíblica",Candido Portinari,woman,0.42069011926651,https://assets.masp.org.br/uploads/collection/U2UtvQbSnjptuz51IZfgMgbbChb2lkdL.jpg,U2UtvQbSnjptuz51IZfgMgbbChb2lkdL.jpg
"Eremita penitente, ou o profeta, da série Bíblica",Candido Portinari,man,0.5647467970848083,https://assets.masp.org.br/uploads/collection/foEFOppDnBq016ejmvMGMBBVWxTwDL2f.jpg,foEFOppDnBq016ejmvMGMBBVWxTwDL2f.jpg
Marinha com rebocador,Ernesto De Fiori,no_people,0.3619500696659088,https://assets.masp.org.br/uploads/collection/oivJQfavy4Vky4m2lYtCoJfs9EQYvrXg.jpg,oivJQfavy4Vky4m2lYtCoJfs9EQYvrXg.jpg
Retrato do pintor Takaoka,Kenjiro Masuda,man,0.5198614597320557,https://assets.masp.org.br/uploads/collection/lXfoPECNDjfSMGY30Z8hjNnqlQNxY9tI.jpg,lXfoPECNDjfSMGY30Z8hjNnqlQNxY9tI.jpg
O carregador (Las ilusiones),Diego Rivera,man,0.4290855228900909,https://assets.masp.org.br/uploads/collection/lGxfikp7hYhZIC47vwsYFvxnPPRyB0kw.jpg,lGxfikp7hYhZIC47vwsYFvxnPPRyB0kw.jpg
"Retirantes, da série Retirantes",Candido Portinari,no_people,0.3773154318332672,https://assets.masp.org.br/uploads/collection/3FFz5caVWlPQT5P5XkQ2m3qpZS4sva8O.jpg,3FFz5caVWlPQT5P5XkQ2m3qpZS4sva8O.jpg
"Enterro na rede, da série Retirantes",Candido Portinari,man,0.3484348654747009,https://assets.masp.org.br/uploads/collection/reRVjCdE9RTDsvXbxMbiVZAidEiyQpQJ.jpg,reRVjCdE9RTDsvXbxMbiVZAidEiyQpQJ.jpg
"Criança morta, da série Retirantes",Candido Portinari,many people,0.3155686855316162,https://assets.masp.org.br/uploads/collection/oBGN49CIRSGx2IZGMUApFX5G9pHsa8aR.jpg,oBGN49CIRSGx2IZGMUApFX5G9pHsa8aR.jpg
"O pranto de Jeremias, da série Bíblica",Candido Portinari,man,0.3773828446865082,https://assets.masp.org.br/uploads/collection/NA4NzjsGnR8Xi2sGattwKdHUGain7xhS.jpg,NA4NzjsGnR8Xi2sGattwKdHUGain7xhS.jpg
"A ressurreição de Lázaro, da série Bíblica",Candido Portinari,woman,0.4486283957958221,https://assets.masp.org.br/uploads/collection/4FSqPcKfgToO1BhRA1l9YJqMLWPjTf96.jpg,4FSqPcKfgToO1BhRA1l9YJqMLWPjTf96.jpg
Paisagem,Ernesto De Fiori,no_people,0.3940855264663696,https://assets.masp.org.br/uploads/collection/Q5Ppik6GoGq7Fc6Nhe4ZL5lGUT8nsiDq.jpg,Q5Ppik6GoGq7Fc6Nhe4ZL5lGUT8nsiDq.jpg
"A senhora Aimée, da série Os Retratos",Candido Portinari,woman,0.8556278347969055,https://assets.masp.org.br/uploads/collection/JtYHw63mHkC6yf7F8eCmyabyG6FZpXGx.jpg,JtYHw63mHkC6yf7F8eCmyabyG6FZpXGx.jpg
Flores de verão em um vaso,Nadia Benois,woman,0.5138518810272217,https://assets.masp.org.br/uploads/collection/JAGOl5fNnhzHLsXpJGfiRwP4N4y9Gkzr.jpg,JAGOl5fNnhzHLsXpJGfiRwP4N4y9Gkzr.jpg
Frutas (marmelos sobre fundo azul),Leonard Benatov,no_people,0.3728517591953277,https://assets.masp.org.br/uploads/collection/FxtIddi2egsTfAM9HCRASvH7JxO0LHiF.jpg,FxtIddi2egsTfAM9HCRASvH7JxO0LHiF.jpg
Composição com meia lua,Alexander Calder,no_people,0.5407065749168396,https://assets.masp.org.br/uploads/collection/yHy2LSyhX0QQMK4lxl8SyPgvVEYs9aBz.jpg,yHy2LSyhX0QQMK4lxl8SyPgvVEYs9aBz.jpg
Composição com fundo amarelo e vermelho,Alexander Calder,no_people,0.3550800383090973,https://assets.masp.org.br/uploads/collection/kDZvp98rqALYrUSsAQeCMvQCqqA3318y.jpg,kDZvp98rqALYrUSsAQeCMvQCqqA3318y.jpg
Bryce Canion Translation,Max Ernst,many people,0.3856824934482574,https://assets.masp.org.br/uploads/collection/xgrp4tQjvmweEvMvHRmBbCyFqNj1yphD.jpg,xgrp4tQjvmweEvMvHRmBbCyFqNj1yphD.jpg
Taça da dúvida (Coupe du doute),Victor Brauner,woman,0.4549173712730407,https://assets.masp.org.br/uploads/collection/fYTdugpdlYlGkzTXHJwkRnphyoeO8io4.jpg,fYTdugpdlYlGkzTXHJwkRnphyoeO8io4.jpg
Composição,Arcangelo Ianelli,no_people,0.6751859784126282,https://assets.masp.org.br/uploads/collection/w4hNN75CLCpGQBrmxPUNAsd4KlnR5gZ9.jpg,w4hNN75CLCpGQBrmxPUNAsd4KlnR5gZ9.jpg
Composição,Alexander Calder,woman,0.6075222492218018,https://assets.masp.org.br/uploads/collection/sFov1ju1xgaLaCTYGxuwA43iunl7XbfE.jpg,sFov1ju1xgaLaCTYGxuwA43iunl7XbfE.jpg
Vendedora de flores,Djanira da Motta e Silva,woman,0.4217093586921692,https://assets.masp.org.br/uploads/collection/se9j3g2W4Ry197TbB9IAacFY4JLMSNz4.jpg,se9j3g2W4Ry197TbB9IAacFY4JLMSNz4.jpg
Harmonia em vermelho-branco-preto,Wols,woman,0.3847381770610809,https://assets.masp.org.br/uploads/collection/CqLhGXZbEGi4pE8AN2p6MIVhJYO2djTU.jpg,CqLhGXZbEGi4pE8AN2p6MIVhJYO2djTU.jpg
Os semeadores,Diego Rivera,woman,0.4070930778980255,https://assets.masp.org.br/uploads/collection/wzMuu6Pxjaemh5x7tvGkZKOrrk1CgbXV.jpg,wzMuu6Pxjaemh5x7tvGkZKOrrk1CgbXV.jpg
Homens serrando toras,José Antônio da Silva,man,0.4435264468193054,https://assets.masp.org.br/uploads/collection/cIgnk6SiXRbJysJ5hKl0JEUYLivz2Stz.jpg,cIgnk6SiXRbJysJ5hKl0JEUYLivz2Stz.jpg
Flagelação de um negro,José Antônio da Silva,many people,0.3447467684745788,https://assets.masp.org.br/uploads/collection/U4NYiuYD6AzTWcATB8CSUz7H1MtI2EtD.jpg,U4NYiuYD6AzTWcATB8CSUz7H1MtI2EtD.jpg
Colheita de algodão,José Antônio da Silva,many people,0.3866775631904602,https://assets.masp.org.br/uploads/collection/ihVHgHAWxalzdsaKcMhniqXdgWRrhOXW.jpg,ihVHgHAWxalzdsaKcMhniqXdgWRrhOXW.jpg
"Paisagem, da Série Mata",Benedito Calixto,no_people,0.5349435210227966,https://assets.masp.org.br/uploads/collection/nw2Zb92TtVNPlTtRUfxCaXdqzfbjaoOJ.jpg,nw2Zb92TtVNPlTtRUfxCaXdqzfbjaoOJ.jpg
Marinha com rochas,Jean-Baptiste Joseph Olive,no_people,0.3602856993675232,https://assets.masp.org.br/uploads/collection/nav218s6OFbkp76QOqFjjpiGAyfmN1bQ.jpg,nav218s6OFbkp76QOqFjjpiGAyfmN1bQ.jpg
Xapiri Thuëyoma a ithu pihia tëhë yanomae thë pree. Thuëyoma ithorayu kama yanomae thëpe praɨaɨ në aipëaɨ kuapënaha a ithoimaɨ tëhë a pree kuimaɨ. A xapiri heerii xoaki tëhë kama yanomae thëp,Joseca Yanomami,many people,0.336269736289978,https://assets.masp.org.br/uploads/collection/6BaJpiyXLAVFjzI0jFugbxYYxGLisqfK.jpg,6BaJpiyXLAVFjzI0jFugbxYYxGLisqfK.jpg
Angústia (a mãe do artista),David Alfaro Siqueiros,woman,0.6327388882637024,https://assets.masp.org.br/uploads/collection/t3EFPNs753QjIJc8Ioij85exl4RUtDJ8.jpg,t3EFPNs753QjIJc8Ioij85exl4RUtDJ8.jpg
Presságio (Angélica Arenal de Siqueiros),David Alfaro Siqueiros,woman,0.7213131189346313,https://assets.masp.org.br/uploads/collection/cLyCGpkfl60SBnRZSBtAyhVZ0XNuKr6n.jpg,cLyCGpkfl60SBnRZSBtAyhVZ0XNuKr6n.jpg
Paisagem de Ouro Preto,Alberto da Veiga Guignard,no_people,0.5439170598983765,https://assets.masp.org.br/uploads/collection/TR6bEZqxVlAyboDyOiLETjo4IoQZ77Jq.jpg,TR6bEZqxVlAyboDyOiLETjo4IoQZ77Jq.jpg
Paisagem de Sabará,Alberto da Veiga Guignard,no_people,0.3716939687728882,https://assets.masp.org.br/uploads/collection/OQvYqzlYbYhxMPR9BMkRfdESijjcAHrN.jpg,OQvYqzlYbYhxMPR9BMkRfdESijjcAHrN.jpg
Retrato de menina (Ana Maria),Wega Nery,woman,0.8767152428627014,https://assets.masp.org.br/uploads/collection/csUYUOwPKfJE5MZAeASD5O6czjBkB1cX.jpg,csUYUOwPKfJE5MZAeASD5O6czjBkB1cX.jpg
Veado e corça (cerf et biche),Vicente do Rego Monteiro,no_people,0.3263714611530304,https://assets.masp.org.br/uploads/collection/gulJF9tE9K3MqgNkrmcN1b6pg6yBqM5p.jpg,gulJF9tE9K3MqgNkrmcN1b6pg6yBqM5p.jpg
Formas articuladas,Graham Sutherland,no_people,0.3714655637741089,https://assets.masp.org.br/uploads/collection/ZP3bp8rAGH8Ovn3RWUoUjbLIX7WvPu8D.jpg,ZP3bp8rAGH8Ovn3RWUoUjbLIX7WvPu8D.jpg
"Yamanayomanɨ thë urihi karukaɨ xoao tëhë wamotima thëpë raruu totihio tëhëma thëã. Yamanayoma a [Quando Yamanayoma, o espírito feminino da abelha, continua andando com seus passos curtos e fi",Joseca Yanomami,no_people,0.4069560468196869,https://assets.masp.org.br/uploads/collection/khYgd0J2YqI1mDcGhbJNyt8RCQwGUCOk.jpg,khYgd0J2YqI1mDcGhbJNyt8RCQwGUCOk.jpg
Retrato de identidade do almirante Nelson,Graham Sutherland,man,0.6768220067024231,https://assets.masp.org.br/uploads/collection/AyztkAwm3Mtx5AjaQvjB4XbfPDsvSsHv.jpg,AyztkAwm3Mtx5AjaQvjB4XbfPDsvSsHv.jpg
Composição – Garçom,Karel Appel,woman,0.4285467565059662,https://assets.masp.org.br/uploads/collection/yQ3ZtIWlpEKCPhffjB952kaZqhsYDAUq.jpg,yQ3ZtIWlpEKCPhffjB952kaZqhsYDAUq.jpg
Palco III,Charlotta Adlerová,man,0.4407576024532318,https://assets.masp.org.br/uploads/collection/FzMQXMkAW9L2r6PCpSXIelagJQTUArVW.jpg,FzMQXMkAW9L2r6PCpSXIelagJQTUArVW.jpg
"Kami xapiri Marokoayoma ya urihipë hamë raxasipë waroho kua, yokoto a pree prauku pra. Kami Marokoayoma ɨnaha ya yahipë kuë, kuë yaro, ai yanomae thëpënë ware xapiri ithomaɨ hëtë, raxa waroho",Joseca Yanomami,no_people,0.6200076937675476,https://assets.masp.org.br/uploads/collection/cujZJvuoXiLvOjXRaLa6nIZKdIt8TqFI.jpg,cujZJvuoXiLvOjXRaLa6nIZKdIt8TqFI.jpg
Roupa ao Sol,Carlos Botelho,many people,0.2894972860813141,https://assets.masp.org.br/uploads/collection/Ef6IqOxjY3BmWEwp0z1tVouLkXNi2hA2.jpg,Ef6IqOxjY3BmWEwp0z1tVouLkXNi2hA2.jpg
Fachada com bandeiras,Alfredo Volpi,no_people,0.4613990783691406,https://assets.masp.org.br/uploads/collection/Rusx4ZnahUCLAYBpWaQZoiOKoEErXO4f.jpg,Rusx4ZnahUCLAYBpWaQZoiOKoEErXO4f.jpg
Objeto ativo,Willys de Castro,no_people,0.6794176697731018,https://assets.masp.org.br/uploads/collection/1gqEVDYKZ6rUkB1SM8p6mV4IPZyjWs7B.jpg,1gqEVDYKZ6rUkB1SM8p6mV4IPZyjWs7B.jpg
Studio I,Joe Tilson,no_people,0.4409799575805664,https://assets.masp.org.br/uploads/collection/54K5tAgjbzudtCBIMMwwhf3M5A4YVh62.jpg,54K5tAgjbzudtCBIMMwwhf3M5A4YVh62.jpg
Projeto de vitral,John Piper,no_people,0.4073942601680755,https://assets.masp.org.br/uploads/collection/ZZQeTSm777y78brYBsVi3yZ8JzjLFmc3.jpg,ZZQeTSm777y78brYBsVi3yZ8JzjLFmc3.jpg
Rosa da esperança,Wega Nery,man,0.268384575843811,https://assets.masp.org.br/uploads/collection/4WqX6HnsQymVq5hcmU1aRyFcVBatUocB.jpg,4WqX6HnsQymVq5hcmU1aRyFcVBatUocB.jpg
George Orwell,Peter Blake,man,0.4861646592617035,https://assets.masp.org.br/uploads/collection/PvdUTFFNbNOtN8N1R9V2TJrSXk3fLLzT.jpg,PvdUTFFNbNOtN8N1R9V2TJrSXk3fLLzT.jpg
Composição em amarelo,Tomie Ohtake,no_people,0.4913811981678009,https://assets.masp.org.br/uploads/collection/WG6q0raCTX1DL5oZvjbTlTG09C6ehZZK.jpg,WG6q0raCTX1DL5oZvjbTlTG09C6ehZZK.jpg
O jagunço,Aldemir Martins,man,0.4214479029178619,https://assets.masp.org.br/uploads/collection/Ca49jbkfpmxwMsCEHOngQkLzFMCRcOdL.jpg,Ca49jbkfpmxwMsCEHOngQkLzFMCRcOdL.jpg
Composição,Alexander Calder,no_people,0.4652444124221802,https://assets.masp.org.br/uploads/collection/rCkz1sR73N40xIPQ2eC6vhx60jP12kXV.jpg,rCkz1sR73N40xIPQ2eC6vhx60jP12kXV.jpg
Repressão,Claudio Tozzi,man,0.3381694853305816,https://assets.masp.org.br/uploads/collection/ofSss94TKHY3MHxdMxoKUyyW9Lnf38js.jpg,ofSss94TKHY3MHxdMxoKUyyW9Lnf38js.jpg
Composição em cinza e rosa,Samson Flexor,woman,0.587735652923584,https://assets.masp.org.br/uploads/collection/rA4cAaAuqwbpWPqBkWrtmPDzltvoGIuL.jpg,rA4cAaAuqwbpWPqBkWrtmPDzltvoGIuL.jpg
Capoeira,Maria Auxiliadora da Silva,many people,0.6978339552879333,https://assets.masp.org.br/uploads/collection/202ZGhTMX6VNSulEdlQ2plZhFTWG4B5g.jpg,202ZGhTMX6VNSulEdlQ2plZhFTWG4B5g.jpg
MASP,Agostinho Batista de Freitas,many people,0.7519466876983643,https://assets.masp.org.br/uploads/collection/CQ3irEJwqNDiwdBKo9ocPuOfrMYrIMP2.jpg,CQ3irEJwqNDiwdBKo9ocPuOfrMYrIMP2.jpg
A árvore,Wega Nery,many people,0.2995980083942413,https://assets.masp.org.br/uploads/collection/AyCDT0ZY9YgQpKs4t5aapUeUgL65mUGa.jpg,AyCDT0ZY9YgQpKs4t5aapUeUgL65mUGa.jpg
Bananas e cordas 3,Antonio Henrique Amaral,man,0.3650648593902588,https://assets.masp.org.br/uploads/collection/00miPrQ1aJ3YRlTqyd42qLrhsImwfw6U.jpg,00miPrQ1aJ3YRlTqyd42qLrhsImwfw6U.jpg
Velório da noiva,Maria Auxiliadora da Silva,many people,0.3537641763687134,https://assets.masp.org.br/uploads/collection/mxL585Rv39VmRfOXnFufgO6lQBtHl8kZ.jpg,mxL585Rv39VmRfOXnFufgO6lQBtHl8kZ.jpg
Índios Xavantes na Missão São Marcos,Sepp Baendereck,many people,0.2869185507297516,https://assets.masp.org.br/uploads/collection/qHXjxYcCPJ4NqcAV2AcrNysyTCc5rnzW.jpg,qHXjxYcCPJ4NqcAV2AcrNysyTCc5rnzW.jpg
Christiane e Anabelle,Liane Chammas,no_people,0.3843323886394501,https://assets.masp.org.br/uploads/collection/6q5VYPXc9DKiG7C3jksZYRGaplDnSqau.jpg,6q5VYPXc9DKiG7C3jksZYRGaplDnSqau.jpg
Lindo lindo lindo,José Antônio da Silva,no_people,0.6176326274871826,https://assets.masp.org.br/uploads/collection/tThV4ZlEds9NU3bYvkHzxaEct3vK6Jqp.jpg,tThV4ZlEds9NU3bYvkHzxaEct3vK6Jqp.jpg
Superposição de retângulos,Arcangelo Ianelli,no_people,0.7900450229644775,https://assets.masp.org.br/uploads/collection/ohYuomXibK9yu0y4c2OvU2RdCEYpBTe3.jpg,ohYuomXibK9yu0y4c2OvU2RdCEYpBTe3.jpg
Retrato de Camões,José de Guimarães,woman,0.3949029147624969,https://assets.masp.org.br/uploads/collection/lQREKeDGXoTwaNbKPjlXTIr1RGJAHvzf.jpg,lQREKeDGXoTwaNbKPjlXTIr1RGJAHvzf.jpg
Proposição emblemática X,Hércules Barsotti,no_people,0.4656753242015838,https://assets.masp.org.br/uploads/collection/kk0g35NnqKHGUfNYxNRjgtPiF2zfunrS.jpg,kk0g35NnqKHGUfNYxNRjgtPiF2zfunrS.jpg
Família,Svend Wiig Hansen,woman,0.5275304913520813,https://assets.masp.org.br/uploads/collection/WBBi35460nzX6kgTuI43qQRk9AwwZLI3.jpg,WBBi35460nzX6kgTuI43qQRk9AwwZLI3.jpg
Através do espelho mágico (Pietro Maria Bardi),Wesley Duke Lee,woman,0.4352911412715912,https://assets.masp.org.br/uploads/collection/c9GzOvnmPaXXktDDsCtraXvhbppbEgr3.jpg,c9GzOvnmPaXXktDDsCtraXvhbppbEgr3.jpg
Sem título,Wanda Pimentel,woman,0.5438746809959412,https://assets.masp.org.br/uploads/collection/d57YnzlNyDVeHPjYgOWIUEYCyagZcXac.jpg,d57YnzlNyDVeHPjYgOWIUEYCyagZcXac.jpg
Azul no sonho,Wega Nery,woman,0.3421868085861206,https://assets.masp.org.br/uploads/collection/SJP9SVmQi3z82ctRjga1NIg9LxTY5fWq.jpg,SJP9SVmQi3z82ctRjga1NIg9LxTY5fWq.jpg
"Ɨnaha xapiri yamakɨ Pãrinapë kuë paxi. Kami xapiri yamakɨ uprahataapëha, kami xapiri yamakɨ uprao pëha yamahɨ urihipë xamiimi, totihi yamakɨ urihipë. Kuë yaro, kami xapiri yamakɨ praɨaɨ tëhë,",Joseca Yanomami,no_people,0.4421759247779846,https://assets.masp.org.br/uploads/collection/W7cVjxTYcChq8zejQmjurDr4O2U0ySl0.jpg,W7cVjxTYcChq8zejQmjurDr4O2U0ySl0.jpg
Memória: fragmentações,Valdir Sarubbi,no_people,0.3521686494350433,https://assets.masp.org.br/uploads/collection/XHz7d3UPalHtUYeLV0wGOk2zhg2SIa4X.jpg,XHz7d3UPalHtUYeLV0wGOk2zhg2SIa4X.jpg
Professor Bardi,José Roberto Aguilar,woman,0.3643272221088409,https://assets.masp.org.br/uploads/collection/eqK9O3JWSA3bh8cPUd5mSGzpJp8KFnCQ.jpg,eqK9O3JWSA3bh8cPUd5mSGzpJp8KFnCQ.jpg
"Yawarioma kupë [Os caminhos pelos quais descem os espíritos das águas Yawarioma são muito abertos e pavorosamente claros; é este espírito que puxa todos os outros, por isso seus caminhos se m",Joseca Yanomami,no_people,0.4129542708396911,https://assets.masp.org.br/uploads/collection/a8WHJDGNqsYeyR6qQVdULLArqiBaPBXJ.jpg,a8WHJDGNqsYeyR6qQVdULLArqiBaPBXJ.jpg
Hwei yanomae aka xapirimare xapiri waroha epë ithuu hikiama kure yanomae yamakɨ mamuku porepë yaro yama epë thaprai bõrãmae pë pihi kure thëpë xiro yarëɨ yaro [Muitos espíritos descem para es,Joseca Yanomami,many people,0.4313684701919555,https://assets.masp.org.br/uploads/collection/WrPOycC9JBLFSYEwJRKm6m5epZDHcUeG.jpg,WrPOycC9JBLFSYEwJRKm6m5epZDHcUeG.jpg
Traqueotomia,Alex Flemming,woman,0.3045771420001983,https://assets.masp.org.br/uploads/collection/JptjHrtvR0ObpypST6C9d2h7fSqazEE7.jpg,JptjHrtvR0ObpypST6C9d2h7fSqazEE7.jpg
Autorretrato verde,Meta (Mari Carmem Hernández),woman,0.4863587021827698,https://assets.masp.org.br/uploads/collection/iTUBmG3QRJrruyz1GYItgvBlordqclSz.jpg,iTUBmG3QRJrruyz1GYItgvBlordqclSz.jpg
Cabeça de cadeira,Gil Vicente,man,0.5028402209281921,https://assets.masp.org.br/uploads/collection/Wbq1EW7HOieVq2wEPI1GrOxYVNU8WrV4.jpg,Wbq1EW7HOieVq2wEPI1GrOxYVNU8WrV4.jpg
"Sem título, da série O que vi pela tevê",Siron Franco,no_people,0.525413990020752,https://assets.masp.org.br/uploads/collection/ohEAQ5JTH2IIFHy6vn7yVzduM02nD4Vs.jpg,ohEAQ5JTH2IIFHy6vn7yVzduM02nD4Vs.jpg
Fragmentação de paisagem verde-folha,Aldir Mendes de Souza,no_people,0.5720797777175903,https://assets.masp.org.br/uploads/collection/VhuUi1yqxfuFsko8UbsfX0Or6kmtMF6p.jpg,VhuUi1yqxfuFsko8UbsfX0Or6kmtMF6p.jpg
"O pintor Belmiro de Almeida, Sem data",José Ferraz de Almeida Júnior,man,0.3856220543384552,https://assets.masp.org.br/uploads/collection/L1SjUKE1nJ7YWpqIkWsYzhpbGVrzRZK8.jpg,L1SjUKE1nJ7YWpqIkWsYzhpbGVrzRZK8.jpg
"Retrato de senhora, Sem data",Paul Chabas,woman,0.7715970873832703,https://assets.masp.org.br/uploads/collection/6nnFTVEQvGsBCX4nML0o2Nvf9ygULum5.jpg,6nnFTVEQvGsBCX4nML0o2Nvf9ygULum5.jpg
"Ninfa loira, Sem data",Paul Chabas,woman,0.7920234799385071,https://assets.masp.org.br/uploads/collection/lhsjaWYXg3OZRk9SWhWiKhorLmBrW71M.jpg,lhsjaWYXg3OZRk9SWhWiKhorLmBrW71M.jpg
Terras,Amelia Toledo,many people,0.3340808451175689,https://assets.masp.org.br/uploads/collection/w5MfNl818Eja5lffDndsLC9MVLEji1BW.jpg,w5MfNl818Eja5lffDndsLC9MVLEji1BW.jpg
Nu no sofá (Leila),Boi (José Carlos Cezar Ferreira),woman,0.5143163800239563,https://assets.masp.org.br/uploads/collection/PFnDvtk9IoSzlf1u6tmUg7ULldHhW897.jpg,PFnDvtk9IoSzlf1u6tmUg7ULldHhW897.jpg
"Carnaval de salão, circa 1975",Marina Caram,many people,0.4115930795669555,https://assets.masp.org.br/uploads/collection/lfkGMsuadXo9yAXGTfpfaG3P29qxge9m.jpg,lfkGMsuadXo9yAXGTfpfaG3P29qxge9m.jpg
Abertura,Yolanda Mohalyi,woman,0.5175232291221619,https://assets.masp.org.br/uploads/collection/c6O4kCotpZfMKBVQRpUQfRfKE6LO8kEK.jpg,c6O4kCotpZfMKBVQRpUQfRfKE6LO8kEK.jpg
O herói,Anna Maria Maiolino,man,0.5779241919517517,https://assets.masp.org.br/uploads/collection/MlvM5D7WdLo0EP5HN2WZzWapnebt1GK1.jpg,MlvM5D7WdLo0EP5HN2WZzWapnebt1GK1.jpg
Projeto de vitral,John Piper,no_people,0.4198106229305267,https://assets.masp.org.br/uploads/collection/tR1ru6qCv5QIrzXn2kJpTiqqChHWHGEX.jpg,tR1ru6qCv5QIrzXn2kJpTiqqChHWHGEX.jpg
"Pintura 167, circa 1956",Willys de Castro,no_people,0.37062668800354,https://assets.masp.org.br/uploads/collection/Kz2tlQZ71rXWrOFfppEPIq6ssJYCa85F.jpg,Kz2tlQZ71rXWrOFfppEPIq6ssJYCa85F.jpg
Arquitetura pentacular,Victor Brauner,many people,0.504076361656189,https://assets.masp.org.br/uploads/collection/7Hz2nx6jmC7MRhegn8jBi89HkeBTdi9X.jpg,7Hz2nx6jmC7MRhegn8jBi89HkeBTdi9X.jpg
"São Jorge e o dragão, Sem data",Ernesto De Fiori,woman,0.5460302233695984,https://assets.masp.org.br/uploads/collection/uYDIncrjWUeD6uckyGBAsNhEEYol5YX2.jpg,uYDIncrjWUeD6uckyGBAsNhEEYol5YX2.jpg
"Represa, Sem data",Ernesto De Fiori,no_people,0.3023871183395386,https://assets.masp.org.br/uploads/collection/ZvvBFjmAdkcl9G1rEBs9Lz9FRV0qlQAD.jpg,ZvvBFjmAdkcl9G1rEBs9Lz9FRV0qlQAD.jpg
"Terraço, Sem data",Ernesto De Fiori,no_people,0.7216433882713318,https://assets.masp.org.br/uploads/collection/xRpCnq6P0hGZ7MmuslOuFEYty1ktauyU.jpg,xRpCnq6P0hGZ7MmuslOuFEYty1ktauyU.jpg
"A igrejinha, Sem data",Ernesto De Fiori,no_people,0.3122441470623016,https://assets.masp.org.br/uploads/collection/cklxS2xau5zCX7JtUwG71ig9RifqO8kq.jpg,cklxS2xau5zCX7JtUwG71ig9RifqO8kq.jpg
"Rua de aldeia, circa 1940",Maurice de Vlaminck,man,0.3284519016742706,https://assets.masp.org.br/uploads/collection/ApCrlf6Vq1yeh91sBGcYdDVIkDbBreP7.jpg,ApCrlf6Vq1yeh91sBGcYdDVIkDbBreP7.jpg
"Marinha com veleiros, circa 1935",Maurice de Vlaminck,no_people,0.3909467160701751,https://assets.masp.org.br/uploads/collection/KdBMd7Zg2JIWc4rAlhqB64eR9ozTMgiE.jpg,KdBMd7Zg2JIWc4rAlhqB64eR9ozTMgiE.jpg
"Paisagem hibernal (Garage), circa 1928",Maurice de Vlaminck,no_people,0.3998464345932007,https://assets.masp.org.br/uploads/collection/Dkcu0CBNdgpaYryye4HPIes8wCjOIBC0.jpg,Dkcu0CBNdgpaYryye4HPIes8wCjOIBC0.jpg
Vento de julho e a luz do Sol,Charles Burchfield,no_people,0.4641342759132385,https://assets.masp.org.br/uploads/collection/cmBVkLUDgF4gGKla1eOCbElZywQuTws2.jpg,cmBVkLUDgF4gGKla1eOCbElZywQuTws2.jpg
Arranha-céus,Menotti Del Picchia,no_people,0.6135817766189575,https://assets.masp.org.br/uploads/collection/5fC7FdZvb0xV32j2gZgMTrAfZQuBieSd.jpg,5fC7FdZvb0xV32j2gZgMTrAfZQuBieSd.jpg
Nu feminino,Pierre Bonnard,woman,0.8376660943031311,https://assets.masp.org.br/uploads/collection/xE6y7yz5L4FHaACWunFlDAdXSLsyS6D0.jpg,xE6y7yz5L4FHaACWunFlDAdXSLsyS6D0.jpg
Porto com navios na Bretanha,Gerrit van Blaaderen,many people,0.4514810442924499,https://assets.masp.org.br/uploads/collection/CvhCbVhTOnIpNz6lgy2I9tU0FrIrdQ33.jpg,CvhCbVhTOnIpNz6lgy2I9tU0FrIrdQ33.jpg
"A princesa Bibesco, circa 1920",Édouard Vuillard,woman,0.6211950182914734,https://assets.masp.org.br/uploads/collection/DkYqrmXxvNAxFnjlqrh48u6ClgRAsICw.jpg,DkYqrmXxvNAxFnjlqrh48u6ClgRAsICw.jpg
"Yvonne Printemps e Sacha Guitry, circa 1917",Édouard Vuillard,woman,0.6660951375961304,https://assets.masp.org.br/uploads/collection/lwzNmnfuYUqQf4aT15YSJ8fteArWztzM.jpg,lwzNmnfuYUqQf4aT15YSJ8fteArWztzM.jpg
Rua de aldeia,Henry de Waroquier,no_people,0.396231472492218,https://assets.masp.org.br/uploads/collection/7haggUMLi9mBbeFC3WJCQLTr3PYKueU4.jpg,7haggUMLi9mBbeFC3WJCQLTr3PYKueU4.jpg
"Paisagem de Petrópolis (bosque com riacho), Sem data",João Baptista da Costa,no_people,0.407759815454483,https://assets.masp.org.br/uploads/collection/PxFiaV5vF7Ijl9lFW0fMGKU7VlqzW2l2.jpg,PxFiaV5vF7Ijl9lFW0fMGKU7VlqzW2l2.jpg
Natureza-morta,Panfilo Nuvolone,woman,0.3147753775119781,https://assets.masp.org.br/uploads/collection/BYmwBcQinuyMIVeuyRRwwrWLXyRUaODY.jpg,BYmwBcQinuyMIVeuyRRwwrWLXyRUaODY.jpg
Paisagem da Bretanha (Village Breton Belle-Île),Henri Matisse,no_people,0.432915985584259,https://assets.masp.org.br/uploads/collection/msEArbvLdGE4KwS435vpuxBhidqxxcGt.jpg,msEArbvLdGE4KwS435vpuxBhidqxxcGt.jpg
Igreja em Terrassa,Joaquín Torres-García,no_people,0.5955724716186523,https://assets.masp.org.br/uploads/collection/sjNgRyqoUflTaL57TRgdzFbi8nr0dqWz.jpg,sjNgRyqoUflTaL57TRgdzFbi8nr0dqWz.jpg
Paisagem com castelo – Vista de Saint-Arg Lapopie,Henri Martin,no_people,0.3878401517868042,https://assets.masp.org.br/uploads/collection/Q7oQ7BE60tDtNiUarMn1NcNj4KzO6Ufd.jpg,Q7oQ7BE60tDtNiUarMn1NcNj4KzO6Ufd.jpg
Rua de aldeia,Edmond Marie Petitjean,many people,0.4932725131511688,https://assets.masp.org.br/uploads/collection/E53sYbdfFv0GqYWto2Jlf2pxhI4QUuPn.jpg,E53sYbdfFv0GqYWto2Jlf2pxhI4QUuPn.jpg
"Monsieur Louis Pascal visto de costas, circa 1893",Henri de Toulouse-Lautrec,man,0.4498940706253052,https://assets.masp.org.br/uploads/collection/g0Vk5SdKiJZmxXmmy9AngIbHzwSGYju7.jpg,g0Vk5SdKiJZmxXmmy9AngIbHzwSGYju7.jpg
"O divã, circa 1893",Henri de Toulouse-Lautrec,woman,0.757044792175293,https://assets.masp.org.br/uploads/collection/KsTTI88OCtQp6w6VjuHFdtRzM7NyO1un.jpg,KsTTI88OCtQp6w6VjuHFdtRzM7NyO1un.jpg
"O cão (esboço de Touc?), circa 1880",Henri de Toulouse-Lautrec,man,0.4083085656166076,https://assets.masp.org.br/uploads/collection/3rBDyY5QfWhuoaIOsDShncM0GaRWZXUX.jpg,3rBDyY5QfWhuoaIOsDShncM0GaRWZXUX.jpg
Paisagem,Gaetano Previati,man,0.3859247863292694,https://assets.masp.org.br/uploads/collection/1DppSn7RITJ8JoRNgAvXFwe9TxYZGpX4.jpg,1DppSn7RITJ8JoRNgAvXFwe9TxYZGpX4.jpg
"Natureza-morta com morangos, Sem data",Pedro Alexandrino,no_people,0.4080974459648132,https://assets.masp.org.br/uploads/collection/2akqU2g8O3T0MRQesvxJDgvrEqS44pTd.jpg,2akqU2g8O3T0MRQesvxJDgvrEqS44pTd.jpg
Rosa e lilás,Dominique Hubert Rozier,woman,0.3825624585151672,https://assets.masp.org.br/uploads/collection/PJxrqfknVynppHBEpVKxzHCwqaX9ZRky.jpg,PJxrqfknVynppHBEpVKxzHCwqaX9ZRky.jpg
"Paisagem rústica com ponte e casas, Sem data",José Ferraz de Almeida Júnior,woman,0.2704330384731293,https://assets.masp.org.br/uploads/collection/pYn2boIBxo47aNA1RGlOUPFxbofcajXK.jpg,pYn2boIBxo47aNA1RGlOUPFxbofcajXK.jpg
Marinha perto de Marselha (Aldeia Fantástica),Adolphe Monticelli,many people,0.4632430970668793,https://assets.masp.org.br/uploads/collection/Zuf01S2YbADzeweqGdoCCB8djX4i93Eg.jpg,Zuf01S2YbADzeweqGdoCCB8djX4i93Eg.jpg
Rua de aldeia,Antoine Vollon,woman,0.3854523301124573,https://assets.masp.org.br/uploads/collection/ODbZ59pzCO2HvXEAgKbHB9IuxSlKrdzS.jpg,ODbZ59pzCO2HvXEAgKbHB9IuxSlKrdzS.jpg
Duas vacas,Alexandre Defaux,no_people,0.439487874507904,https://assets.masp.org.br/uploads/collection/ZR6m5MQiGowTOvvc9xkRlM8Lmnnf313X.jpg,ZR6m5MQiGowTOvvc9xkRlM8Lmnnf313X.jpg
"Paisagem com fonte, circa 1860",Charles de Tournemine,no_people,0.4705475866794586,https://assets.masp.org.br/uploads/collection/K7772BV5a6CE6IVpzarA4fSVChnZ5IFG.jpg,K7772BV5a6CE6IVpzarA4fSVChnZ5IFG.jpg
Duas cabeças,Honoré Daumier,man,0.479017049074173,https://assets.masp.org.br/uploads/collection/I62meMLdmwM0cEsfjiOmOZFnvEpDFPTb.jpg,I62meMLdmwM0cEsfjiOmOZFnvEpDFPTb.jpg
"Pedra Mãe d'Água (paisagem da Tijuca), circa 1850",Félix Émile Taunay,no_people,0.5381404757499695,https://assets.masp.org.br/uploads/collection/xbXdrS5XT1Hz3dl7n9M1icUA8WRy25CJ.jpg,xbXdrS5XT1Hz3dl7n9M1icUA8WRy25CJ.jpg
"Paisagem de campo, com cavalo e figura feminina",Desconhecido,no_people,0.4049325883388519,https://assets.masp.org.br/uploads/collection/TvzJkcygWQblPb7BBW5hubpsvd69qqG5.jpg,TvzJkcygWQblPb7BBW5hubpsvd69qqG5.jpg
Figura de moça,François Boucher (Círculo de),woman,0.8304420113563538,https://assets.masp.org.br/uploads/collection/X61m4WHALFW2xY1BigrDBipJGJLoXIw1.jpg,X61m4WHALFW2xY1BigrDBipJGJLoXIw1.jpg
Virgem de Copacabana,Desconhecido (Escola do Collao),no_people,0.4133995473384857,https://assets.masp.org.br/uploads/collection/x79ZobtCc7FTg7BHuEC1TVB9gIqXDzuq.jpg,x79ZobtCc7FTg7BHuEC1TVB9gIqXDzuq.jpg
Paisagem com salteadores de estrada,Desconhecido (Pintor flamengo-napolitano,no_people,0.3160672783851623,https://assets.masp.org.br/uploads/collection/2UjDFnaL7FbYSpGGyiZsD7mKsF8vs8bS.jpg,2UjDFnaL7FbYSpGGyiZsD7mKsF8vs8bS.jpg
Paisagem com cavaleiros,Desconhecido (Pintor flamengo-holandês),no_people,0.4223685264587402,https://assets.masp.org.br/uploads/collection/CNE6hEp7Cm29fPJxB6qRamROioYM4tlP.jpg,CNE6hEp7Cm29fPJxB6qRamROioYM4tlP.jpg
Sagrada família com são João Batista criança,Desconhecido (Pintor emiliano),woman,0.62227863073349,https://assets.masp.org.br/uploads/collection/O5mTeRt2CRoWXXEjTDIYgJqVPpbqf5jR.jpg,O5mTeRt2CRoWXXEjTDIYgJqVPpbqf5jR.jpg
A esmola (são Gil?),Desconhecido (Pintor flamengo),many people,0.3632608950138092,https://assets.masp.org.br/uploads/collection/KGo0N4oPqGGiNsNoaePGp4TZqHy64Dq3.jpg,KGo0N4oPqGGiNsNoaePGp4TZqHy64Dq3.jpg
"Virgem com o Menino, são João Batista criança e um anjo",Piero di Cosimo,woman,0.6449803113937378,https://assets.masp.org.br/uploads/collection/CTs1mEnKWYD4K5MGxWrA0lYhwaoc1bEZ.jpg,CTs1mEnKWYD4K5MGxWrA0lYhwaoc1bEZ.jpg
Adoração dos pastores,Jacopo da Ponte Bassano,many people,0.3253764510154724,https://assets.masp.org.br/uploads/collection/2y53GD0QHBiyCbPX4zY6ljfZyWj0uIwh.jpg,2y53GD0QHBiyCbPX4zY6ljfZyWj0uIwh.jpg
"Retrato de Mademoiselle Léomenie Brienne, Marquise de Roualt Gamache, Sem data",Pierre Mignard (Ateliê ou seguidor de),woman,0.7301080822944641,https://assets.masp.org.br/uploads/collection/ZLBLt6Ixpg6JXnCJUCNDbiv1uzmiI5iP.jpg,ZLBLt6Ixpg6JXnCJUCNDbiv1uzmiI5iP.jpg
"Friedericke Phillipine Bruch, Século 18",Desconhecido (Pintor alemão),woman,0.8148368000984192,https://assets.masp.org.br/uploads/collection/LBKi3Y2YzVuT0WnzjdV77jYkoGamUylP.jpg,LBKi3Y2YzVuT0WnzjdV77jYkoGamUylP.jpg
"Ernst Christian Wilhelm Bruch, Século 19",Desconhecido (Pintor alemão),man,0.6888179183006287,https://assets.masp.org.br/uploads/collection/Iuid9KFRhb98Fd80GpJFgZJGn0o8ZZlR.jpg,Iuid9KFRhb98Fd80GpJFgZJGn0o8ZZlR.jpg
"São Marcos, Século 15-16",Desconhecido (Pintor toscano),woman,0.7278209328651428,https://assets.masp.org.br/uploads/collection/pgvsN8GZOCi3insMiAPeafN3lbQ0Vot6.jpg,pgvsN8GZOCi3insMiAPeafN3lbQ0Vot6.jpg
"Seitaka-Doji (acólito de Fudo Myo-o), Período Edo Inicial",Civilização japonesa,woman,0.749380350112915,https://assets.masp.org.br/uploads/collection/7LDrKvoNTXsq5T4fMlVGXOs7uVDpQYKR.jpg,7LDrKvoNTXsq5T4fMlVGXOs7uVDpQYKR.jpg
"Kongara-Doji (acólito de Fudo Myo-o), Período Edo Inicial",Civilização japonesa,woman,0.5026913285255432,https://assets.masp.org.br/uploads/collection/gS8TGCNXYuo0Gds49AoOeoDtSutDij5x.jpg,gS8TGCNXYuo0Gds49AoOeoDtSutDij5x.jpg
Nossa Senhora dos Remédios,Desconhecido (Escola de Cuzco),woman,0.384375125169754,https://assets.masp.org.br/uploads/collection/yBi0vZ6b8RInng1wSTSlxsc4SJUiUaRu.jpg,yBi0vZ6b8RInng1wSTSlxsc4SJUiUaRu.jpg
"Paisagem com fuga para o Egito, Século 17",Desconhecido (Pintor holandês),no_people,0.5399388670921326,https://assets.masp.org.br/uploads/collection/GUgkJmln2B7KnKssNyDmKBQLRzBdb3pT.jpg,GUgkJmln2B7KnKssNyDmKBQLRzBdb3pT.jpg
"Retrato de Henry Chamberlain, Século 19",Desconhecido (Pintor inglês),man,0.4424681365489959,https://assets.masp.org.br/uploads/collection/hAXmhXZTnI5cpDUOrVDEqUG7Eo9Kt9Fk.jpg,hAXmhXZTnI5cpDUOrVDEqUG7Eo9Kt9Fk.jpg
Panorama da Baía de Guanabara,Emeric Essex Vidal,no_people,0.4712604880332947,https://assets.masp.org.br/uploads/collection/xbKVjnj10oWN9PfsHqZ9sTviDrEfEfRr.jpg,xbKVjnj10oWN9PfsHqZ9sTviDrEfEfRr.jpg
Paisagem da campanha romana,Nicolas Antoine Taunay,no_people,0.3107584118843078,https://assets.masp.org.br/uploads/collection/IP7jcDx3ypvu8fhgBW72UDFdiFfISK5c.jpg,IP7jcDx3ypvu8fhgBW72UDFdiFfISK5c.jpg
A Virgem amamentando o Menino,Pompeo Batoni,woman,0.8097021579742432,https://assets.masp.org.br/uploads/collection/uhaSQnUOYW6YMMgK4J91ABpGgo1taVGD.jpg,uhaSQnUOYW6YMMgK4J91ABpGgo1taVGD.jpg
"Alegoria da sabedoria e da força – A escolha de Hércules ou Hércules e Ônfale, circa 1750",François Boucher,woman,0.7416494488716125,https://assets.masp.org.br/uploads/collection/PbvXvfCZSGxkWdt2118CNO8k8ucXtdzN.jpg,PbvXvfCZSGxkWdt2118CNO8k8ucXtdzN.jpg
Paisagem com pastores,Alessandro Magnasco,many people,0.2935275435447693,https://assets.masp.org.br/uploads/collection/zSQZjoKZZx2rRW2mMBxuoUrBwQAcmdWs.jpg,zSQZjoKZZx2rRW2mMBxuoUrBwQAcmdWs.jpg
"Retrato do duque de Pastrana, circa 1670",Juan Carreño de Miranda,man,0.4541018009185791,https://assets.masp.org.br/uploads/collection/LQCZjR02PZe5mQc9o5nwlpzQjIstekhG.jpg,LQCZjR02PZe5mQc9o5nwlpzQjIstekhG.jpg
Moisés e as filhas de Jetro,Ciro Ferri,many people,0.388025164604187,https://assets.masp.org.br/uploads/collection/FidFNNtLcLR1fomRaDYiQyVw4Q6D4DhQ.jpg,FidFNNtLcLR1fomRaDYiQyVw4Q6D4DhQ.jpg
Santa Catarina de Alexandria,Bartolomé Esteban Murillo,woman,0.8643401861190796,https://assets.masp.org.br/uploads/collection/Bnu1DWwGv8uYK5obU4uBdhiyTUF3AIMP.jpg,Bnu1DWwGv8uYK5obU4uBdhiyTUF3AIMP.jpg
Adoração dos pastores,Bartolomeo Passante,woman,0.3726005852222442,https://assets.masp.org.br/uploads/collection/AYSSTRVypdF8nNlbePuCXZxqUQ2BwiyF.jpg,AYSSTRVypdF8nNlbePuCXZxqUQ2BwiyF.jpg
Suicídio de Lucrécia,Guido Reni (Ateliê),woman,0.8682575821876526,https://assets.masp.org.br/uploads/collection/dwGTXMTnbVx8dVkiLSlgs9pSmq767tN0.jpg,dwGTXMTnbVx8dVkiLSlgs9pSmq767tN0.jpg
Cena mitológica (Cronos admoesta Eros na presença de Vênus e Marte),Guercino,woman,0.6360766887664795,https://assets.masp.org.br/uploads/collection/qANbCd7PDFMnEzR5ckzTYsUmCieXRPIG.jpg,qANbCd7PDFMnEzR5ckzTYsUmCieXRPIG.jpg
Marte e Vênus com uma roda de cupidos e paisagem,Carlo Saraceni,woman,0.3483725786209106,https://assets.masp.org.br/uploads/collection/uQXinmIClsiKwDyOk8ONvrlBhNErlVdr.jpg,uQXinmIClsiKwDyOk8ONvrlBhNErlVdr.jpg
Paisagem de outono na Holanda,Jacob van Mosscher,no_people,0.6478795409202576,https://assets.masp.org.br/uploads/collection/GDEZFg6T82GH5Wh9s7vfhL5sccDO60Le.jpg,GDEZFg6T82GH5Wh9s7vfhL5sccDO60Le.jpg
Interior de uma catedral em Antuérpia,"Pieter Neeffs, o Jovem",no_people,0.8092290163040161,https://assets.masp.org.br/uploads/collection/qNjEBpswmJYS4CE0Pb82Ciofh0jVnJ8a.jpg,qNjEBpswmJYS4CE0Pb82Ciofh0jVnJ8a.jpg
"Pátio com galinhas, galo e cachorro",Jan van Oolen,man,0.3837267458438873,https://assets.masp.org.br/uploads/collection/TorTmMtrrcKNI7Xp6Q519OWCGAChEqj1.jpg,TorTmMtrrcKNI7Xp6Q519OWCGAChEqj1.jpg
Adoração dos pastores,Jacopo da Ponte Bassano,many people,0.3253764510154724,https://assets.masp.org.br/uploads/collection/2y53GD0QHBiyCbPX4zY6ljfZyWj0uIwh.jpg,2y53GD0QHBiyCbPX4zY6ljfZyWj0uIwh.jpg
Ecce Homo ou Pilatos apresenta Cristo à multidão,Jacopo Tintoretto,many people,0.3265737295150757,https://assets.masp.org.br/uploads/collection/QH18bZvmZDlUpy8FUlbWK0nHyCuag26p.jpg,QH18bZvmZDlUpy8FUlbWK0nHyCuag26p.jpg
"O poeta Henry Howard, conde de Surrey, circa 1542",Hans Holbein. o Jovem,man,0.4147693812847137,https://assets.masp.org.br/uploads/collection/KNK8pFmml2UHUOrudX1MhPAsmJsMT41l.jpg,KNK8pFmml2UHUOrudX1MhPAsmJsMT41l.jpg
Virgem com o Menino e são João Batista criança,Francesco Francia,woman,0.6257935762405396,https://assets.masp.org.br/uploads/collection/8PuYZJq4b2yI1WyXF0Xk21m14mPm860P.jpg,8PuYZJq4b2yI1WyXF0Xk21m14mPm860P.jpg
"Ecce Homo. Cristo morto no sarcófago como ""Vir Dolorum""",Niccolò di Liberatore (chamado L'Alunno),man,0.452913224697113,https://assets.masp.org.br/uploads/collection/M1toC6F0hbdrOOCMcKkQiuhPZbyZOdaD.jpg,M1toC6F0hbdrOOCMcKkQiuhPZbyZOdaD.jpg
"Madona em adoração do Menino Jesus e um anjo, circa 1475",Biagio d'Antonio,woman,0.7398096919059753,https://assets.masp.org.br/uploads/collection/XOSRMOTB5DduHObwo0BhrHjkrlApasmf.jpg,XOSRMOTB5DduHObwo0BhrHjkrlApasmf.jpg
Virgem com o Menino Jesus,Desconhecido | Jacopo del Sellaio,woman,0.6848260164260864,https://assets.masp.org.br/uploads/collection/3gjaxbahFW84cUVnQ4yfMtWRz0Gcjlyw.jpg,3gjaxbahFW84cUVnQ4yfMtWRz0Gcjlyw.jpg
Madona com o Menino no trono e quatro santos,Maestro del 1416,woman,0.5768003463745117,https://assets.masp.org.br/uploads/collection/p9Bh4mhH5Pn2pW63fcYnRVDfLlxJ1BRV.jpg,p9Bh4mhH5Pn2pW63fcYnRVDfLlxJ1BRV.jpg
Adoração dos reis magos,Paolo Serafini da Modena,woman,0.3860695958137512,https://assets.masp.org.br/uploads/collection/eQcQmbwIjpbQ4TPbC5Y2dOdypXv9Vi3Z.jpg,eQcQmbwIjpbQ4TPbC5Y2dOdypXv9Vi3Z.jpg
Virgem com o Menino Jesus,Maestro di San Martino alla Palma,woman,0.6873936653137207,https://assets.masp.org.br/uploads/collection/JqjeXAyxlCKbuYDhvzN3y9mYb3FuexHb.jpg,JqjeXAyxlCKbuYDhvzN3y9mYb3FuexHb.jpg
"George IV como príncipe-regente com as insígnias da Ordem da Jarreteira, Sem data",Thomas Lawrence,man,0.4428340792655945,https://assets.masp.org.br/uploads/collection/Mx85Ip5E0KKUeUxK2jxPb1M9Ivof78i4.jpg,Mx85Ip5E0KKUeUxK2jxPb1M9Ivof78i4.jpg
"Cena de café (retrato de Benito Mussolini?), Sem data",John Henri Deluc,many people,0.3842352330684662,https://assets.masp.org.br/uploads/collection/ZRG2nxW0MzoFMkp3o73ljOLC5cTZoA7B.jpg,ZRG2nxW0MzoFMkp3o73ljOLC5cTZoA7B.jpg
"Perto do Sena, Sem data",Jean-Constant-Raymond Renefer,no_people,0.4853865802288055,https://assets.masp.org.br/uploads/collection/yM3aXpG5KcUGZrV4ljDIixl9JLXeTk7E.jpg,yM3aXpG5KcUGZrV4ljDIixl9JLXeTk7E.jpg
"Paisagem de montanha, Sem data",Augustin Salinas y Teruel,no_people,0.4696850180625915,https://assets.masp.org.br/uploads/collection/VcLbsSOZvSh8a5yHi7clyp5buPBDpyiW.jpg,VcLbsSOZvSh8a5yHi7clyp5buPBDpyiW.jpg
"Pescadores da Bretanha, Sem data",Enrique Martínez Cubells,woman,0.2939577102661133,https://assets.masp.org.br/uploads/collection/cekD4UZONiz6XDHeDZexCztj0FaoUpXP.jpg,cekD4UZONiz6XDHeDZexCztj0FaoUpXP.jpg
"Raquel Meller no relicário, Sem data",Carlos Vázquez,woman,0.8831425309181213,https://assets.masp.org.br/uploads/collection/khh5JjnNjLMXCgHn4W5V3NkPB6FaLixr.jpg,khh5JjnNjLMXCgHn4W5V3NkPB6FaLixr.jpg
"Marinha com veleiros, Sem data",Erwin Günter,no_people,0.3580792248249054,https://assets.masp.org.br/uploads/collection/wU1C6UNcazq6hVvE7hIgLcRi25sMkZKQ.jpg,wU1C6UNcazq6hVvE7hIgLcRi25sMkZKQ.jpg
"Sol sobre a Bahia, Sem data",Wolf Reuther,no_people,0.2894872725009918,https://assets.masp.org.br/uploads/collection/z3HZua71CTS8l741EJmDZ6UPrkGk883V.jpg,z3HZua71CTS8l741EJmDZ6UPrkGk883V.jpg
"Pós-escrito – A guerra secreta de Josephine Baker, Sem data",R. B. Kitaj,no_people,0.4426102638244629,https://assets.masp.org.br/uploads/collection/E8l7KeVAzZPDSD3lM4lZxed8vhTjYeN4.jpg,E8l7KeVAzZPDSD3lM4lZxed8vhTjYeN4.jpg
"Três prelados (ou as festas natalinas), Sem data",Juan Pablo Salinas,no_people,0.3663234710693359,https://assets.masp.org.br/uploads/collection/o1QiOtt0LFNNcgE8uy5Suyk593Rl2gkc.jpg,o1QiOtt0LFNNcgE8uy5Suyk593Rl2gkc.jpg
"Guarda real inglesa a cavalo, Sem data",Paul Maze,no_people,0.4864506423473358,https://assets.masp.org.br/uploads/collection/ctewi3tRSUbdWPxqVNg9WyKqUu9N6EZ2.jpg,ctewi3tRSUbdWPxqVNg9WyKqUu9N6EZ2.jpg
"Parada da guarda real inglesa em Londres, Sem data",Paul Maze,many people,0.507366955280304,https://assets.masp.org.br/uploads/collection/jrnu9MscpqYFu0kHA4VmsMMw2rYpcrYK.jpg,jrnu9MscpqYFu0kHA4VmsMMw2rYpcrYK.jpg
"Veados no parque de Boughton, Sem data",Paul Maze,no_people,0.7695285677909851,https://assets.masp.org.br/uploads/collection/H5aS29tdTZ4iwVNSK6m26VNAisGXxLtf.jpg,H5aS29tdTZ4iwVNSK6m26VNAisGXxLtf.jpg
"A desolada, Sem data",Pedro Weingärtner,woman,0.5017061829566956,https://assets.masp.org.br/uploads/collection/e79xopNrdrypcIkeDe0MmBrbucFUp4N3.jpg,e79xopNrdrypcIkeDe0MmBrbucFUp4N3.jpg
"Retrato de senhora, Sem data",Jean-Gabriel Domergue,woman,0.8448002338409424,https://assets.masp.org.br/uploads/collection/sXxsZpYuIkv6mwtWTg2mgefVVNoiL5He.jpg,sXxsZpYuIkv6mwtWTg2mgefVVNoiL5He.jpg
"Autorretrato, Sem data",Jorge Mori,man,0.3541358411312103,https://assets.masp.org.br/uploads/collection/ho8B9DyVUqRqzMtAqObldkcymeZyiOcG.jpg,ho8B9DyVUqRqzMtAqObldkcymeZyiOcG.jpg
"Monsaraz, Portugal, Sem data",Sergio Telles,no_people,0.3906073868274688,https://assets.masp.org.br/uploads/collection/QEa9vo7vyXzjNVnnu2CWfLKFxp7wvcYQ.jpg,QEa9vo7vyXzjNVnnu2CWfLKFxp7wvcYQ.jpg
"Índios atravessando um riacho, Sem data",Agostino Brunias,many people,0.3579734861850738,https://assets.masp.org.br/uploads/collection/BAAS4GEhJF5tHQFbURXyjjt0vyZgCvQK.jpg,BAAS4GEhJF5tHQFbURXyjjt0vyZgCvQK.jpg
Oxosse na sua caçada,Rafael Borjes de Oliveira,no_people,0.6954905390739441,https://assets.masp.org.br/uploads/collection/9ndFA6h8fdie10uIg8dFzyD6HDZ1zdLc.jpg,9ndFA6h8fdie10uIg8dFzyD6HDZ1zdLc.jpg
